date,open,high,low,close,volume,5DMA,10DMA,20DMA,50DMA,next day open
2018-01-01,1873,1881,1851,1855,1645129,1870,1872,1866,1847,1859
2018-01-02,1859,1875,1859,1872,1194079,1870,1870,1869,1848,1875
2018-01-03,1875,1878,1851,1853,1132822,1869,1871,1873,1850,1853
2018-01-04,1853,1866,1853,1860,593444,1865,1868,1872,1852,1863
2018-01-05,1863,1868,1856,1864,717717,1865,1866,1872,1853,1865
2018-01-08,1865,1871,1858,1861,1142577,1860,1865,1872,1854,1862
2018-01-09,1862,1870,1855,1864,1326382,1863,1864,1869,1855,1865
2018-01-10,1865,1868,1857,1864,1153972,1864,1864,1868,1856,1864
2018-01-11,1864,1876,1856,1873,1014774,1864,1863,1867,1856,1873
2018-01-12,1873,1878,1860,1865,1084177,1866,1865,1867,1857,1870
2018-01-15,1870,1904,1860,1898,3144111,1869,1867,1866,1858,1903
2018-01-16,1903,1910,1885,1900,1611346,1882,1872,1869,1859,1897
2018-01-17,1897,1903,1887,1891,726374,1890,1875,1871,1860,1924
2018-01-18,1924,1954,1918,1934,4162385,1899,1882,1875,1862,1935
2018-01-19,1935,1960,1919,1952,2863997,1906,1891,1879,1864,1960
2018-01-22,1960,1988,1953,1963,2212442,1940,1915,1886,1867,1965
2018-01-23,1965,1967,1943,1951,1261949,1953,1922,1893,1870,1953
2018-01-24,1953,1969,1951,1958,1197642,1959,1926,1900,1874,1954
2018-01-25,1954,1980,1951,1975,2180917,1958,1936,1906,1877,1978
2018-01-29,1978,2007,1978,2000,2058973,1966,1962,1919,1884,1998
2018-01-30,1998,2002,1984,1996,1599390,1988,1968,1929,1889,1989
2018-01-31,1989,2014,1987,2006,1735837,1988,1971,1938,1893,2006
2018-02-01,2006,2015,1985,1991,1630355,1993,1978,1949,1898,1986
2018-02-02,1986,1990,1942,1948,1836531,1991,1981,1951,1903,1918
2018-02-05,1918,1935,1906,1914,1981696,1970,1979,1959,1905,1860
2018-02-06,1860,1912,1836,1897,2687451,1921,1962,1956,1905,1907
2018-02-07,1907,1907,1862,1873,2091243,1895,1955,1955,1906,1884
2018-02-08,1884,1899,1867,1881,1292861,1892,1944,1951,1905,1848
2018-02-09,1848,1865,1844,1850,1602238,1883,1925,1943,1905,1860
2018-02-12,1860,1886,1855,1877,1095277,1864,1880,1934,1904,1890
2018-02-14,1890,1898,1875,1883,894297,1875,1881,1927,1904,1890
2018-02-15,1890,1895,1875,1882,1228806,1880,1877,1924,1905,1884
2018-02-16,1884,1895,1876,1879,895880,1881,1880,1921,1906,1883
2018-02-19,1883,1888,1859,1878,913638,1886,1881,1908,1906,1885
2018-02-20,1885,1886,1859,1863,1021017,1884,1882,1900,1906,1868
2018-02-21,1868,1869,1852,1857,688268,1879,1880,1889,1906,1850
2018-02-22,1850,1860,1842,1853,3313399,1872,1879,1879,1906,1857
2018-02-23,1857,1885,1850,1881,1019187,1869,1876,1877,1906,1888
2018-02-26,1888,1915,1884,1912,1197221,1865,1872,1876,1906,1915
2018-02-27,1915,1922,1900,1903,1196832,1887,1878,1877,1908,1890
2018-02-28,1890,1895,1878,1884,1016591,1898,1880,1878,1909,1879
2018-03-01,1879,1893,1868,1874,977460,1893,1879,1880,1909,1874
2018-03-05,1874,1878,1858,1870,945366,1877,1889,1881,1911,1870
2018-03-06,1870,1880,1840,1846,1144207,1872,1886,1879,1911,1840
2018-03-07,1840,1853,1829,1833,1407041,1861,1879,1876,1909,1840
2018-03-08,1840,1859,1832,1853,1379681,1856,1873,1872,1907,1855
2018-03-09,1855,1865,1844,1851,1027027,1856,1864,1871,1905,1860
2018-03-12,1860,1869,1853,1867,1639279,1852,1857,1868,1903,1867
2018-03-13,1867,1885,1855,1860,1281050,1861,1858,1868,1900,1856
2018-03-14,1856,1868,1848,1865,920098,1861,1858,1869,1896,1865
2018-03-15,1865,1888,1865,1881,1467731,1862,1857,1869,1894,1880
2018-03-16,1880,1881,1847,1853,1974084,1866,1858,1870,1892,1853
2018-03-19,1853,1860,1843,1847,1959685,1866,1864,1864,1890,1845
2018-03-20,1845,1856,1835,1840,914343,1859,1861,1860,1886,1848
2018-03-21,1848,1863,1843,1859,1480285,1849,1859,1858,1882,1859
2018-03-22,1859,1880,1855,1868,1668306,1851,1859,1858,1878,1847
2018-03-23,1847,1853,1837,1842,1797538,1850,1857,1857,1874,1840
2018-03-26,1840,1900,1834,1893,2625442,1849,1849,1854,1869,1894
2018-03-27,1894,1899,1876,1893,1534209,1860,1855,1858,1869,1883
2018-03-28,1883,1900,1876,1886,2209377,1872,1859,1861,1869,1891
2018-04-02,1891,1936,1891,1931,1149092,1891,1877,1863,1869,1924
2018-04-03,1924,1926,1911,1916,1019971,1908,1886,1869,1871,1913
2018-04-04,1913,1925,1878,1883,928527,1909,1891,1873,1872,1901
2018-04-05,1901,1914,1890,1909,1214723,1907,1901,1875,1873,1912
2018-04-06,1912,1926,1906,1923,930002,1908,1904,1878,1873,1919
2018-04-09,1919,1942,1916,1939,1000884,1911,1910,1886,1874,1943
2018-04-10,1943,1943,1914,1921,1516809,1925,1915,1894,1876,1916
2018-04-11,1916,1920,1905,1919,717703,1926,1915,1899,1877,1916
2018-04-12,1916,1933,1906,1929,1178129,1924,1918,1904,1878,1928
2018-04-13,1928,1940,1919,1925,824293,1924,1919,1906,1881,1920
2018-04-16,1920,1950,1920,1942,711936,1921,1924,1914,1883,1944
2018-04-17,1944,1951,1934,1949,666958,1931,1927,1919,1884,1951
2018-04-18,1951,1954,1930,1933,678180,1938,1930,1921,1886,1940
2018-04-19,1940,1945,1933,1939,792258,1939,1932,1923,1887,1941
2018-04-20,1941,1961,1932,1956,2340345,1939,1932,1924,1889,1979
2018-04-23,1979,1979,1860,1936,3826155,1953,1946,1930,1892,1935
2018-04-24,1935,1948,1926,1935,1259354,1952,1944,1932,1893,1928
2018-04-25,1928,1938,1912,1921,1005148,1947,1942,1934,1895,1917
2018-04-26,1917,1939,1911,1930,1961870,1940,1942,1934,1897,1933
2018-04-27,1933,1936,1913,1923,1444252,1938,1941,1934,1900,1930
2018-04-30,1930,1955,1929,1944,1152388,1927,1937,1934,1902,1950
2018-05-02,1950,1978,1946,1970,1775012,1940,1939,1938,1906,1968
2018-05-03,1968,1975,1946,1968,1038193,1949,1937,1941,1909,1970
2018-05-04,1970,1990,1966,1989,1720359,1955,1942,1943,1913,1982
2018-05-07,1982,1987,1975,1977,1316032,1973,1960,1948,1916,1979
2018-05-08,1979,1980,1955,1967,1775141,1977,1963,1950,1920,1956
2018-05-09,1956,1981,1956,1978,1081833,1972,1962,1951,1923,1989
2018-05-10,1989,1999,1982,1993,1792918,1977,1971,1955,1927,1993
2018-05-11,1993,2017,1986,2012,1514267,1980,1973,1958,1931,2017
2018-05-14,2017,2027,2012,2022,1185729,2000,1986,1962,1936,2027
2018-05-15,2027,2065,2027,2038,2456671,2012,1992,1970,1942,2031
2018-05-16,2031,2049,2017,2023,1710401,2025,1997,1979,1946,2024
2018-05-17,2024,2044,2013,2028,1653869,2025,2002,1986,1951,2025
2018-05-18,2025,2025,2004,2012,1304365,2025,2008,1989,1953,2016
2018-05-21,2016,2021,1986,1993,1212027,2022,2023,1995,1955,1999
2018-05-22,1999,2014,1986,1990,990093,2013,2020,1998,1958,1988
2018-05-23,1988,1994,1963,1968,1431573,2001,2016,2000,1959,1967
2018-05-24,1967,1990,1956,1986,1130186,1993,2010,2000,1961,1990
2018-05-25,1990,2016,1990,2009,1189897,1992,2005,1999,1964,2008
2018-05-28,2008,2052,2006,2042,1275985,1988,1995,2002,1966,2038
2018-05-29,2038,2053,2029,2033,837811,2012,2001,2008,1970,2020
2018-05-30,2020,2053,2016,2048,1216749,2022,2003,2010,1972,2100
2018-05-31,2100,2160,2080,2139,9909798,2042,2014,2018,1977,2116
2018-06-01,2116,2138,2101,2111,5287839,2056,2028,2024,1983,2150
2018-06-04,2150,2157,2038,2046,22199081,2122,2072,2034,1989,2050
2018-06-05,2050,2067,2023,2064,4276365,2105,2069,2035,1993,2060
2018-06-06,2060,2065,2045,2057,2445500,2087,2068,2038,1996,2073
2018-06-07,2073,2080,2053,2062,2640974,2083,2076,2041,2000,2059
2018-06-08,2059,2061,2035,2049,1545222,2078,2079,2042,2003,2052
2018-06-11,2052,2063,2039,2042,1772797,2061,2074,2048,2006,2052
2018-06-12,2052,2053,2038,2044,1308564,2054,2071,2053,2008,2052
2018-06-13,2052,2055,2024,2031,1974490,2052,2069,2059,2012,2030
2018-06-14,2030,2045,2025,2037,4231894,2047,2054,2061,2015,2026
2018-06-15,2026,2039,2022,2030,2720204,2042,2051,2059,2018,2030
2018-06-18,2030,2039,2009,2019,1871851,2029,2040,2062,2020,2025
2018-06-19,2025,2041,2019,2024,2745288,2027,2038,2063,2023,2026
2018-06-20,2026,2058,2025,2056,2262928,2027,2037,2057,2023,2060
2018-06-21,2060,2071,2047,2058,3377676,2035,2038,2053,2026,2057
2018-06-22,2057,2089,2050,2083,1962245,2040,2038,2053,2029,2083
2018-06-25,2083,2098,2073,2095,1748084,2067,2047,2049,2032,2086
2018-06-26,2086,2103,2080,2094,2290483,2075,2052,2051,2035,2093
2018-06-27,2093,2120,2090,2113,4781701,2087,2058,2052,2038,2115
2018-06-28,2115,2140,2111,2131,9383385,2094,2068,2056,2042,2122
2018-06-29,2122,2140,2105,2108,4864530,2100,2080,2061,2046,2108
2018-07-02,2108,2108,2063,2073,2466219,2115,2101,2065,2049,2073
2018-07-03,2073,2085,2066,2070,1715775,2101,2097,2067,2051,2076
2018-07-04,2076,2108,2069,2104,1524498,2086,2095,2070,2052,2105
2018-07-05,2105,2129,2093,2124,2433992,2091,2097,2076,2054,2113
2018-07-06,2113,2136,2111,2115,2030336,2095,2101,2078,2057,2122
2018-07-09,2122,2130,2108,2126,1545574,2113,2100,2089,2059,2130
2018-07-10,2130,2150,2125,2146,2737684,2122,2104,2096,2063,2145
2018-07-11,2145,2156,2135,2148,1464480,2132,2109,2102,2067,2153
2018-07-12,2153,2180,2152,2166,2005167,2138,2115,2109,2071,2168
2018-07-13,2168,2191,2163,2181,1790297,2144,2127,2113,2077,2179
2018-07-16,2179,2190,2164,2169,2254334,2167,2150,2122,2082,2163
2018-07-17,2163,2181,2163,2177,1590481,2170,2151,2127,2086,2187
2018-07-18,2187,2220,2174,2176,4365068,2176,2156,2132,2091,2183
2018-07-19,2183,2194,2171,2186,1326194,2178,2164,2136,2095,2186
2018-07-20,2186,2203,2171,2189,2501741,2180,2171,2139,2097,2150
2018-07-23,2150,2178,2138,2156,4220033,2173,2175,2147,2098,2147
2018-07-24,2147,2169,2147,2160,1302198,2161,2171,2152,2098,2165
2018-07-25,2165,2177,2160,2170,1759654,2154,2170,2157,2102,2165
2018-07-26,2165,2203,2165,2193,5320273,2157,2168,2160,2104,2202
2018-07-27,2202,2212,2185,2202,2638649,2166,2173,2163,2108,2199
2018-07-30,2199,2199,2159,2170,1792280,2189,2171,2171,2112,2160
2018-07-31,2160,2186,2150,2180,2215236,2187,2170,2172,2115,2163
2018-08-01,2163,2175,2152,2159,1517890,2174,2169,2173,2118,2154
2018-08-02,2154,2154,2121,2130,2226426,2169,2169,2172,2121,2134
2018-08-03,2134,2147,2114,2122,3401002,2162,2168,2169,2124,2121
2018-08-06,2121,2137,2106,2114,1436158,2136,2155,2165,2126,2125
2018-08-07,2125,2135,2108,2131,1857114,2127,2151,2161,2129,2136
2018-08-08,2136,2152,2133,2136,2486345,2127,2149,2158,2132,2142
2018-08-09,2142,2142,2095,2119,2236102,2131,2142,2155,2135,2124
2018-08-10,2124,2124,2098,2114,1360735,2130,2137,2152,2137,2084
2018-08-13,2084,2104,2080,2092,2513563,2117,2122,2148,2138,2098
2018-08-14,2098,2105,2087,2089,1233991,2102,2119,2143,2138,2083
2018-08-16,2083,2087,2066,2076,2656290,2088,2113,2133,2139,2083
2018-08-17,2083,2093,2072,2077,1516332,2087,2107,2129,2139,2075
2018-08-20,2075,2108,2075,2096,1952784,2080,2085,2117,2137,2098
2018-08-21,2098,2112,2093,2096,1944080,2085,2087,2112,2137,2105
2018-08-23,2105,2107,2077,2080,3143638,2093,2090,2106,2140,2071
2018-08-24,2071,2094,2066,2070,2428657,2087,2086,2103,2139,2077
2018-08-27,2077,2089,2070,2080,3143697,2084,2085,2098,2138,2088
2018-08-28,2088,2098,2079,2095,2493383,2079,2086,2094,2137,2092
2018-08-29,2092,2094,2073,2079,2468423,2086,2087,2090,2135,2084
2018-08-30,2084,2088,2062,2066,5456865,2085,2088,2087,2134,2069
2018-08-31,2069,2079,2058,2061,3942875,2082,2084,2085,2131,2069
2018-09-03,2069,2079,2064,2075,1915402,2074,2080,2083,2128,2077
2018-09-04,2077,2078,2049,2052,1782634,2072,2079,2082,2125,2054
2018-09-05,2054,2060,2036,2046,1410377,2067,2076,2080,2122,2049
2018-09-06,2049,2059,2033,2052,2600603,2062,2073,2078,2118,2051
2018-09-07,2051,2060,2041,2057,1479825,2060,2068,2076,2114,2055
2018-09-10,2055,2055,2025,2041,2149648,2052,2059,2072,2110,2046
2018-09-11,2046,2048,1994,2000,4546634,2051,2057,2071,2107,2002
2018-09-12,2002,2021,1990,2012,3061502,2034,2050,2063,2103,2020
2018-09-14,2020,2037,2019,2030,2583668,2031,2040,2060,2097,2021
2018-09-17,2021,2023,1988,1992,2334555,2021,2029,2053,2091,1995
2018-09-18,1995,2010,1981,1989,2331434,2012,2023,2046,2085,1995
2018-09-19,1995,1998,1957,1961,4178066,2004,2019,2039,2080,1974
2018-09-21,1974,2000,1910,1970,5652537,1996,2001,2031,2072,1967
2018-09-24,1967,1972,1915,1926,3347698,1971,1990,2019,2067,1926
2018-09-25,1926,1962,1915,1952,4170638,1956,1980,2008,2060,1963
2018-09-26,1963,1978,1955,1968,3681681,1952,1977,2001,2055,1969
2018-09-27,1969,1986,1955,1976,4588052,1956,1970,1994,2050,1981
2018-09-28,1981,2015,1977,2006,3615179,1961,1968,1993,2045,2010
2018-10-01,2010,2042,1998,2035,3112397,1987,1969,1985,2042,2030
2018-10-03,2030,2052,2007,2031,3833037,2020,1978,1988,2038,2008
2018-10-04,2008,2018,1943,1958,4492646,2016,1984,1987,2037,1954
2018-10-05,1954,1990,1940,1965,3932295,2001,1988,1984,2033,1965
2018-10-08,1965,1969,1930,1945,5032005,1976,1993,1979,2029,1944
2018-10-09,1944,1965,1930,1941,3114841,1954,1985,1974,2025,1945
2018-10-10,1945,1982,1936,1967,3984983,1951,1979,1972,2021,1925
2018-10-11,1925,1948,1918,1938,3589976,1945,1967,1968,2018,1945
2018-10-12,1945,1997,1942,1982,2400080,1945,1965,1967,2013,1990
2018-10-15,1990,2011,1970,2008,3146492,1953,1952,1971,2010,2003
2018-10-16,2003,2018,1988,1993,2351501,1979,1960,1975,2008,2006
2018-10-17,2006,2013,1964,1975,1985199,2000,1965,1977,2006,1959
2018-10-19,1959,1981,1958,1968,2466837,1990,1968,1976,1999,2014
2018-10-22,2014,2020,1989,1999,5082790,1987,1994,1976,1997,1973
2018-10-23,1973,1999,1973,1985,4857141,1982,1991,1972,1994,2004
2018-10-24,2004,2009,1973,1992,4518084,1997,1993,1971,1992,1974
2018-10-25,1974,2004,1962,1969,7461764,1991,1990,1973,1989,1969
2018-10-26,1969,1977,1949,1961,3788928,1987,1986,1973,1987,1964
2018-10-29,1964,1965,1895,1926,4261070,1969,1983,1975,1984,1925
2018-10-30,1925,1932,1899,1913,3457176,1953,1975,1973,1980,1902
2018-10-31,1902,1918,1885,1912,5862351,1930,1966,1971,1976,1930
2018-11-01,1930,1930,1896,1912,4907263,1930,1955,1970,1973,1926
2018-11-02,1926,1960,1912,1949,7523217,1929,1949,1967,1972,1950
2018-11-05,1950,1960,1938,1956,1426324,1935,1933,1961,1970,1955
2018-11-06,1955,1976,1943,1947,2121397,1944,1936,1957,1968,1961
2018-11-07,1961,1965,1950,1958,239690,1955,1939,1958,1967,1958
2018-11-09,1958,1960,1936,1945,2525405,1956,1940,1958,1966,1952
2018-11-12,1952,1962,1917,1921,1976941,1955,1955,1952,1965,1919
2018-11-13,1919,1938,1908,1928,3337605,1943,1949,1945,1964,1939
2018-11-14,1939,1960,1937,1958,6527659,1937,1948,1942,1964,1962
2018-11-15,1962,1977,1931,1975,2598131,1943,1949,1942,1964,1981
2018-11-16,1981,2013,1980,2004,3953304,1951,1953,1945,1964,2011
2018-11-19,2011,2021,2002,2014,3071607,1985,1961,1950,1965,2013
2018-11-20,2013,2020,1999,2012,1426292,2002,1968,1958,1965,2013
2018-11-21,2013,2024,2004,2019,1636401,2012,1974,1965,1967,2013
2018-11-22,2013,2035,2000,2006,3243638,2013,1981,1971,1966,2014
2018-11-26,2014,2052,2012,2050,4546109,2014,2013,1978,1967,2041
2018-11-27,2041,2068,2041,2064,3223860,2028,2018,1985,1969,2065
2018-11-28,2065,2099,2060,2089,3255277,2040,2024,1991,1973,2101
2018-11-29,2101,2137,2094,2131,7977159,2055,2037,2002,1977,2130
2018-11-30,2130,2138,2110,2128,3260231,2070,2054,2011,1984,2131
2018-12-03,2131,2142,2107,2113,2699964,2121,2080,2032,1989,2105
2018-12-04,2105,2111,2079,2086,2039355,2122,2084,2045,1993,2078
2018-12-05,2078,2105,2076,2099,2949711,2105,2083,2054,1995,2090
2018-12-06,2090,2102,2085,2097,2932563,2101,2093,2062,1998,2107
2018-12-07,2107,2118,2080,2108,2475980,2102,2101,2065,2001,2066
2018-12-10,2066,2105,2066,2089,2728764,2088,2096,2073,2004,2056
2018-12-11,2056,2071,2032,2060,4726445,2076,2090,2077,2005,2067
2018-12-12,2067,2090,2060,2085,2842622,2063,2088,2081,2008,2095
2018-12-13,2095,2125,2091,2101,1766059,2071,2083,2082,2011,2105
2018-12-14,2105,2118,2088,2096,1539571,2078,2083,2083,2015,2104
2018-12-17,2104,2133,2099,2130,2109331,2101,2082,2093,2019,2124
2018-12-18,2124,2139,2103,2135,1853492,2111,2088,2097,2023,2133
2018-12-19,2133,2159,2114,2123,2252474,2120,2094,2099,2029,2113
2018-12-20,2113,2140,2103,2137,1995119,2119,2100,2098,2036,2134
2018-12-21,2134,2149,2109,2111,2555077,2122,2109,2101,2042,2104
2018-12-24,2104,2104,2077,2081,1400372,2117,2119,2098,2047,2077
2018-12-26,2077,2127,2069,2122,1900479,2091,2113,2099,2053,2133
2018-12-27,2133,2138,2098,2105,2909967,2105,2117,2101,2059,2117
2018-12-28,2117,2138,2116,2123,2353903,2108,2116,2102,2060,2137
2018-12-31,2137,2137,2117,2122,1466632,2129,2114,2111,2066,2128
2019-01-01,2128,2151,2106,2148,1593360,2127,2116,2116,2071,2143
2019-01-02,2143,2148,2120,2129,2033558,2136,2120,2119,2077,2124
2019-01-03,2124,2128,2103,2112,3192916,2133,2123,2121,2083,2115
2019-01-04,2115,2129,2110,2117,1821780,2129,2122,2120,2087,2128
2019-01-07,2128,2135,2118,2121,1346753,2122,2129,2122,2092,2122
2019-01-08,2122,2124,2097,2103,2085865,2122,2128,2121,2095,2118
2019-01-09,2118,2121,2103,2117,2142157,2123,2127,2122,2098,2117
2019-01-10,2117,2124,2093,2109,1922885,2121,2124,2120,2101,2114
2019-01-11,2114,2124,2108,2112,1602010,2120,2123,2120,2104,2110
2019-01-14,2110,2110,2098,2102,1213790,2114,2118,2120,2104,2105
2019-01-15,2105,2127,2102,2122,1271889,2110,2116,2122,2107,2120
2019-01-16,2120,2125,2108,2120,1313113,2112,2117,2121,2109,2125
2019-01-17,2125,2136,2113,2132,2060057,2115,2116,2122,2111,2135
2019-01-18,2135,2139,2115,2130,1301994,2119,2118,2123,2112,2140
2019-01-21,2140,2167,2127,2148,4390378,2133,2123,2123,2112,2146
2019-01-22,2146,2147,2129,2136,2199244,2140,2126,2123,2112,2134
2019-01-23,2134,2136,2101,2105,1906072,2140,2127,2124,2113,2110
2019-01-24,2110,2122,2098,2102,2527893,2133,2127,2123,2114,2093
2019-01-25,2093,2110,2090,2096,2815559,2125,2125,2121,2114,2090
2019-01-28,2090,2102,2077,2084,3840109,2098,2119,2118,2114,2078
2019-01-29,2078,2083,2053,2058,3690697,2087,2113,2116,2114,2057
2019-01-30,2057,2057,2028,2035,4628540,2075,2106,2111,2114,2031
2019-01-31,2031,2090,2022,2080,4144851,2064,2092,2105,2113,2080
2019-02-01,2080,2117,2077,2090,3913547,2067,2084,2104,2113,2095
2019-02-04,2095,2113,2083,2105,1984572,2069,2072,2102,2112,2108
2019-02-05,2108,2119,2097,2114,2172572,2094,2077,2102,2113,2116
2019-02-06,2116,2127,2114,2123,2718921,2106,2082,2101,2112,2125
2019-02-07,2125,2130,2106,2117,1804327,2111,2086,2100,2112,2112
2019-02-08,2112,2145,2107,2123,3058911,2111,2091,2101,2112,2113
2019-02-11,2113,2143,2113,2140,1759091,2117,2112,2096,2111,2138
2019-02-12,2138,2148,2125,2130,2443097,2121,2115,2096,2112,2140
2019-02-14,2140,2140,2106,2110,1860347,2130,2122,2099,2114,2107
2019-02-15,2107,2108,2078,2101,2104131,2125,2122,2099,2113,2107
2019-02-18,2107,2118,2086,2090,1784686,2118,2121,2102,2113,2090
2019-02-19,2090,2108,2078,2084,1317159,2101,2116,2105,2112,2089
2019-02-20,2089,2111,2082,2108,1223125,2095,2112,2109,2111,2102
2019-02-21,2102,2120,2094,2116,1315386,2097,2110,2111,2110,2119
2019-02-22,2119,2128,2089,2091,2222677,2101,2108,2112,2109,2095
2019-02-25,2095,2130,2095,2125,2035149,2105,2100,2112,2109,2111
2019-02-26,2111,2125,2101,2111,2401857,2108,2102,2111,2108,2116
2019-02-27,2116,2124,2088,2092,1757523,2107,2104,2111,2108,2093
2019-02-28,2093,2106,2073,2078,2911344,2104,2102,2109,2107,2086
2019-03-01,2086,2101,2077,2083,2338232,2100,2101,2108,2107,2089
2019-03-05,2089,2111,2070,2107,2959319,2088,2098,2103,2106,2110
2019-03-06,2110,2110,2091,2104,2114511,2100,2100,2101,2106,2110
2019-03-07,2110,2130,2095,2127,2551213,2103,2102,2101,2106,2115
2019-03-08,2115,2130,2109,2128,1763365,2106,2103,2102,2105,2132
2019-03-11,2132,2144,2122,2128,2306027,2119,2111,2105,2105,2147
2019-03-12,2147,2175,2137,2171,3774323,2131,2117,2110,2105,2175
2019-03-13,2175,2234,2172,2227,14291587,2151,2125,2115,2106,2245
2019-03-14,2245,2248,2211,2225,3844966,2175,2140,2125,2110,2231
2019-03-15,2231,2260,2228,2253,3190772,2186,2158,2133,2113,2262
2019-03-18,2262,2292,2247,2261,3589680,2246,2199,2147,2118,2270
2019-03-19,2270,2276,2251,2268,2989498,2254,2209,2159,2123,2269
2019-03-20,2269,2300,2261,2299,2927998,2267,2216,2172,2129,2300
2019-03-22,2300,2307,2271,2276,7600970,2275,2250,2189,2139,2260
2019-03-25,2260,2288,2253,2281,2299815,2280,2272,2202,2145,2276
2019-03-26,2276,2315,2273,2311,2946712,2279,2273,2215,2150,2319
2019-03-27,2319,2328,2279,2299,3471325,2285,2279,2231,2157,2299
2019-03-28,2299,2325,2288,2303,4888582,2289,2285,2245,2162,2325
2019-04-01,2325,2332,2305,2312,2411769,2312,2296,2269,2170,2320
2019-04-02,2320,2320,2285,2295,2727624,2323,2300,2281,2176,2292
2019-04-03,2292,2316,2288,2293,1914863,2312,2299,2285,2181,2293
2019-04-04,2293,2313,2280,2284,2302888,2308,2303,2290,2185,2288
2019-04-05,2288,2314,2282,2306,2087795,2304,2305,2290,2189,2319
2019-04-08,2319,2323,2280,2289,1599533,2300,2306,2297,2196,2297
2019-04-09,2297,2303,2267,2287,2694400,2301,2305,2299,2201,2250
2019-04-10,2250,2284,2231,2237,27032175,2289,2298,2295,2206,2245
2019-04-11,2245,2263,2237,2258,2198325,2278,2288,2291,2211,2252
2019-04-12,2252,2272,2252,2265,2292611,2273,2280,2288,2215,2270
2019-04-15,2270,2293,2264,2289,2554945,2256,2272,2290,2220,2291
2019-04-16,2291,2310,2280,2305,2068444,2271,2275,2288,2226,2313
2019-04-18,2313,2315,2288,2294,2653714,2291,2274,2289,2236,2325
2019-04-22,2325,2325,2261,2269,5245105,2319,2300,2286,2248,2278
2019-04-23,2278,2290,2242,2245,3820600,2302,2295,2285,2249,2250
2019-04-24,2250,2284,2247,2280,3088532,2284,2288,2282,2254,2287
2019-04-25,2287,2299,2258,2263,4521659,2285,2291,2281,2260,2266
2019-04-26,2266,2285,2257,2281,2926892,2281,2287,2280,2264,2285
2019-04-30,2285,2320,2278,2317,3134209,2276,2282,2278,2274,2324
2019-05-02,2324,2360,2318,2356,4292325,2305,2282,2289,2283,2364
2019-05-03,2364,2378,2357,2368,3087880,2324,2296,2296,2287,2348
2019-05-06,2348,2352,2317,2328,3437023,2345,2330,2304,2291,2352
2019-05-07,2352,2358,2318,2322,2481051,2355,2335,2308,2294,2323
2019-05-08,2323,2324,2288,2307,3016052,2341,2333,2309,2296,2300
2019-05-09,2300,2300,2272,2291,2256931,2331,2328,2309,2297,2291
2019-05-10,2291,2325,2291,2297,2648550,2323,2329,2307,2297,2296
2019-05-13,2296,2313,2280,2287,2767908,2296,2318,2307,2297,2297
2019-05-14,2297,2311,2276,2288,2623686,2295,2315,2311,2298,2296
2019-05-15,2296,2307,2282,2287,2239087,2296,2313,2312,2299,2281
2019-05-16,2281,2319,2280,2311,2012534,2293,2305,2313,2297,2313
2019-05-17,2313,2369,2312,2362,3689695,2297,2300,2313,2298,2408
2019-05-20,2408,2439,2380,2432,4424908,2334,2315,2323,2301,2438
2019-05-21,2438,2449,2399,2404,2581294,2386,2333,2331,2305,2412
2019-05-22,2412,2426,2394,2406,2846665,2419,2343,2337,2308,2409
2019-05-23,2409,2440,2319,2332,8270499,2417,2357,2340,2311,2360
2019-05-24,2360,2386,2340,2373,3423200,2405,2365,2342,2313,2379
2019-05-27,2379,2422,2372,2408,3012256,2383,2401,2343,2316,2417
2019-05-28,2417,2420,2387,2416,1841210,2385,2403,2350,2319,2410
2019-05-29,2410,2431,2410,2417,1868804,2402,2404,2358,2323,2416
2019-05-30,2416,2448,2413,2440,2339800,2406,2405,2367,2328,2457
2019-05-31,2457,2465,2357,2425,4946270,2416,2408,2373,2335,2427
2019-06-03,2427,2460,2425,2457,2120215,2433,2418,2387,2340,2455
2019-06-04,2455,2466,2441,2452,1610747,2446,2423,2399,2346,2453
2019-06-06,2453,2470,2413,2423,3908731,2445,2434,2419,2351,2426
2019-06-07,2426,2454,2409,2448,1992733,2440,2435,2419,2354,2470
2019-06-10,2470,2470,2432,2440,1769285,2450,2446,2422,2358,2452
2019-06-11,2452,2460,2440,2448,1775823,2449,2447,2425,2362,2445
2019-06-12,2445,2448,2424,2427,1827155,2456,2447,2428,2367,2436
2019-06-13,2436,2452,2416,2445,2776987,2451,2448,2434,2373,2443
2019-06-14,2443,2459,2425,2435,2989230,2449,2446,2435,2377,2435
2019-06-17,2435,2440,2417,2422,3202505,2438,2447,2440,2382,2418
2019-06-18,2418,2432,2404,2417,3104913,2432,2443,2441,2383,2427
2019-06-19,2427,2445,2417,2428,2686069,2427,2441,2442,2388,2428
2019-06-20,2428,2437,2415,2426,2792873,2427,2436,2440,2389,2426
2019-06-21,2426,2430,2406,2414,3312565,2427,2432,2439,2392,2412
2019-06-24,2412,2431,2410,2418,1728750,2422,2424,2436,2393,2420
2019-06-25,2420,2442,2403,2429,2224950,2419,2424,2435,2395,2425
2019-06-26,2425,2470,2422,2468,2633409,2419,2424,2433,2397,2469
2019-06-27,2469,2495,2456,2462,4969809,2432,2428,2436,2401,2464
2019-06-28,2464,2475,2437,2444,3189211,2438,2434,2438,2406,2456
2019-07-01,2456,2489,2450,2486,2131040,2463,2441,2436,2411,2488
2019-07-02,2488,2498,2467,2495,1811707,2469,2448,2439,2416,2499
2019-07-03,2499,2503,2483,2490,1865814,2481,2454,2444,2422,2495
2019-07-04,2495,2498,2472,2484,1998491,2485,2465,2447,2428,2485
2019-07-05,2485,2495,2460,2472,1895765,2485,2473,2450,2434,2475
2019-07-08,2475,2475,2397,2410,3651785,2485,2483,2455,2438,2404
2019-07-09,2404,2411,2373,2379,4120672,2455,2472,2453,2438,2379
2019-07-10,2379,2398,2366,2389,2892287,2419,2460,2450,2436,2403
2019-07-11,2403,2414,2396,2407,2274399,2415,2454,2448,2436,2418
2019-07-12,2418,2418,2385,2394,2244068,2416,2445,2446,2436,2396
2019-07-15,2396,2403,2377,2395,2058296,2406,2413,2447,2437,2418
2019-07-16,2418,2418,2382,2391,3192642,2411,2413,2446,2438,2393
2019-07-17,2393,2412,2391,2397,1939934,2402,2411,2441,2438,2403
2019-07-18,2403,2429,2402,2412,2700646,2403,2402,2437,2438,2415
2019-07-19,2415,2421,2367,2376,2234807,2405,2403,2435,2438,2345
2019-07-22,2345,2350,2281,2297,5542824,2388,2395,2423,2434,2295
2019-07-23,2295,2295,2242,2264,6950716,2352,2381,2409,2431,2257
2019-07-24,2257,2293,2251,2281,4340935,2299,2365,2392,2425,2285
2019-07-25,2285,2315,2280,2286,4865502,2296,2351,2378,2421,2278
2019-07-26,2278,2294,2273,2277,3207457,2292,2334,2371,2416,2274
2019-07-29,2274,2274,2223,2244,2494123,2279,2289,2354,2412,2255
2019-07-30,2255,2271,2240,2252,2598534,2269,2284,2345,2406,2240
2019-07-31,2240,2267,2234,2252,3472960,2256,2279,2334,2400,2229
2019-08-01,2229,2240,2197,2222,4560419,2250,2264,2320,2394,2211
2019-08-02,2211,2224,2182,2214,6956384,2242,2254,2313,2388,2197
2019-08-05,2197,2200,2163,2179,4955610,2212,2234,2291,2381,2167
2019-08-06,2167,2210,2167,2189,6222735,2192,2225,2275,2374,2190
2019-08-07,2190,2202,2165,2184,4687534,2185,2220,2260,2367,2198
2019-08-08,2198,2243,2183,2233,4927900,2188,2211,2244,2361,2247
2019-08-09,2247,2289,2240,2282,7609028,2200,2210,2245,2356,2273
2019-08-13,2273,2273,2203,2220,3860017,2260,2212,2234,2350,2235
2019-08-14,2235,2235,2203,2229,3563513,2254,2215,2230,2345,2214
2019-08-16,2214,2233,2204,2228,3811890,2241,2226,2225,2335,2239
2019-08-19,2239,2242,2202,2207,2124550,2227,2240,2220,2328,2209
