date,open,high,low,close,volume,5 days moving average,next day open
2015-01-01,951,954,945,952,886235,951,950
2015-01-02,950,969,950,965,1475096,951,970
2015-01-05,970,971,955,957,1199000,957,954
2015-01-06,954,957,938,942,2054920,958,940
2015-01-07,940,951,936,945,1436528,955,954
2015-01-08,954,969,948,965,2381456,955,973
2015-01-09,973,980,967,976,2246296,958,969
2015-01-12,969,974,965,967,1031603,965,969
2015-01-13,969,972,956,963,1457087,970,960
2015-01-14,960,975,960,964,921308,966,990
2015-01-15,990,998,971,993,2849619,972,1002
2015-01-16,1002,1015,999,1001,1955327,978,1013
2015-01-19,1013,1020,1003,1005,1059873,1002,1010
2015-01-20,1010,1027,1002,1021,2126451,1008,1027
2015-01-21,1027,1033,1018,1020,1685153,1017,1025
2015-01-22,1025,1033,1019,1021,1617670,1019,1030
2015-01-23,1030,1048,1024,1043,2496978,1021,1043
2015-01-27,1043,1078,1041,1074,2490600,1037,1070
2015-01-28,1070,1093,1055,1058,2841235,1057,1075
2015-01-29,1075,1101,1061,1095,5141904,1063,1095
2015-01-30,1095,1095,1064,1077,2642604,1071,1069
2015-02-02,1069,1093,1052,1082,1427588,1080,1079
2015-02-03,1079,1082,1055,1064,2550172,1081,1063
2015-02-04,1063,1081,1057,1068,1549378,1070,1075
2015-02-05,1075,1093,1070,1077,2014787,1072,1077
2015-02-06,1077,1079,1050,1054,1725780,1073,1047
2015-02-09,1047,1052,1035,1040,1307974,1066,1030
2015-02-10,1030,1062,1030,1054,2318938,1051,1058
2015-02-11,1058,1065,1053,1058,1040397,1045,1065
2015-02-12,1065,1082,1053,1076,1381435,1050,1081
2015-02-13,1081,1082,1064,1066,1928625,1056,1076
2015-02-16,1076,1085,1063,1068,1847179,1074,1068
2015-02-18,1068,1083,1057,1075,1345423,1072,1074
2015-02-19,1074,1085,1064,1080,1126751,1073,1083
2015-02-20,1083,1090,1069,1073,1551506,1075,1077
2015-02-23,1077,1082,1062,1068,1395391,1078,1070
2015-02-24,1070,1071,1057,1068,1461572,1077,1070
2015-02-25,1070,1075,1050,1052,1162131,1072,1054
2015-02-26,1054,1056,1035,1038,3106736,1068,1045
2015-02-27,1045,1059,1045,1054,2565446,1063,1080
2015-03-02,1080,1099,1068,1083,3596308,1060,1086
2015-03-03,1086,1092,1077,1083,1507337,1070,1105
2015-03-04,1105,1109,1060,1065,3069406,1090,1065
2015-03-05,1065,1090,1063,1085,2425613,1084,1077
2015-03-09,1077,1082,1056,1059,1438952,1071,1062
2015-03-10,1062,1062,1045,1053,1283709,1070,1051
2015-03-11,1051,1062,1050,1056,1366384,1063,1060
2015-03-12,1060,1064,1051,1055,1882709,1063,1060
2015-03-13,1060,1064,1035,1043,1356695,1062,1045
2015-03-16,1045,1058,1043,1052,1337193,1055,1060
2015-03-17,1060,1066,1043,1058,1342326,1055,1060
2015-03-18,1060,1072,1053,1064,1287083,1055,1071
2015-03-19,1071,1074,1049,1052,1343393,1059,1051
2015-03-20,1051,1060,1046,1056,1620809,1057,1056
2015-03-23,1056,1059,1046,1048,1361685,1059,1043
2015-03-24,1043,1057,1035,1038,2243391,1050,1040
2015-03-25,1040,1047,1031,1034,2652225,1046,1027
2015-03-26,1027,1032,1002,1007,8950155,1042,1015
2015-03-27,1015,1024,1008,1015,2710224,1036,1020
2015-03-30,1020,1039,1013,1037,1738786,1021,1040
2015-03-31,1040,1040,1015,1023,1490564,1025,1026
2015-04-01,1026,1037,1013,1033,961049,1029,1035
2015-04-06,1035,1037,1020,1032,1787793,1035,1033
2015-04-07,1033,1038,1024,1033,1549268,1034,1040
2015-04-08,1040,1042,1030,1036,1026536,1036,1038
2015-04-09,1038,1059,1030,1056,1750696,1037,1053
2015-04-10,1053,1053,1035,1043,1529831,1040,1040
2015-04-13,1040,1046,1035,1039,1140809,1044,1040
2015-04-15,1040,1049,1025,1032,1223499,1040,1028
2015-04-16,1028,1034,1018,1030,1402530,1036,1025
2015-04-17,1025,1028,1016,1018,1012253,1033,1020
2015-04-20,1020,1025,1003,1005,1297220,1024,1005
2015-04-21,1005,1014,996,1003,1627686,1017,1007
2015-04-22,1007,1021,994,1013,1691484,1011,1020
2015-04-23,1020,1024,1006,1014,2406957,1013,1019
2015-04-24,1019,1019,1000,1006,1801311,1014,1007
2015-04-27,1007,1013,996,1005,1842676,1015,1000
2015-04-28,1000,1011,990,1005,1985527,1009,1004
2015-04-29,1004,1010,988,993,1965891,1004,991
2015-04-30,991,995,979,989,3785921,1001,994
2015-05-04,994,1010,992,1001,785362,993,999
2015-05-05,999,1004,986,988,1284501,997,988
2015-05-06,988,988,966,971,2751924,994,968
2015-05-07,968,970,944,951,2934166,987,962
2015-05-08,962,988,955,982,2892983,982,986
2015-05-11,986,993,974,990,1682836,972,990
2015-05-12,990,990,967,972,2776892,979,976
2015-05-13,976,993,972,990,1947962,984,989
2015-05-14,989,995,974,991,1113797,985,995
2015-05-15,995,998,984,990,2038406,987,996
2015-05-18,996,1012,992,1010,1428326,993,1006
2015-05-19,1006,1018,998,1008,1196587,999,1010
2015-05-20,1010,1027,1010,1024,1002210,1004,1024
2015-05-21,1024,1030,1015,1025,983595,1009,1025
2015-05-22,1025,1029,1018,1024,1172384,1012,1028
2015-05-25,1028,1031,1018,1024,1092265,1026,1024
2015-05-26,1024,1030,1018,1027,1226586,1026,1024
2015-05-27,1024,1040,1021,1038,804648,1025,1039
2015-05-28,1039,1044,1022,1029,2390290,1029,1030
2015-05-29,1030,1054,1027,1051,1264670,1029,1049
2015-06-01,1049,1056,1031,1036,960330,1039,1038
2015-06-02,1038,1040,1005,1009,1181502,1039,1009
2015-06-03,1009,1017,998,1006,1456208,1032,1009
2015-06-04,1009,1018,995,1015,1389397,1026,1010
2015-06-05,1010,1019,1003,1012,1688465,1023,1004
2015-06-08,1004,1012,996,1003,952999,1008,1005
2015-06-09,1005,1006,997,1002,1510065,1006,998
2015-06-10,998,1019,997,1016,1996562,1002,1018
2015-06-11,1018,1019,995,1000,2273544,1006,1001
2015-06-12,1001,1011,990,1009,1632086,1005,1002
2015-06-15,1002,1014,1000,1005,1499957,1007,1000
2015-06-16,1000,1010,997,1008,1502631,1001,1009
2015-06-17,1009,1014,1000,1005,2421567,1004,1006
2015-06-18,1006,1024,1002,1020,2107929,1004,1025
2015-06-19,1025,1035,1013,1031,935581,1008,1032
2015-06-22,1032,1057,1029,1047,1362413,1021,1052
2015-06-23,1052,1061,1043,1052,1413795,1036,1054
2015-06-24,1054,1058,1043,1046,1566849,1046,1048
2015-06-25,1048,1071,1043,1065,4143392,1047,1067
2015-06-26,1067,1071,1052,1063,1411876,1051,1045
2015-06-29,1045,1062,1031,1057,1621959,1053,1052
2015-06-30,1052,1072,1048,1067,1822534,1055,1061
2015-07-01,1061,1077,1060,1072,1242797,1053,1065
2015-07-02,1065,1068,1056,1058,1120861,1056,1054
2015-07-03,1054,1076,1054,1074,1009822,1055,1064
2015-07-06,1064,1085,1060,1084,816945,1061,1079
2015-07-07,1079,1092,1079,1087,1035368,1066,1079
2015-07-08,1079,1081,1066,1069,1350169,1074,1063
2015-07-09,1063,1077,1060,1074,699491,1071,1070
2015-07-10,1070,1095,1069,1091,1225022,1071,1085
2015-07-13,1085,1106,1085,1096,1769021,1073,1096
2015-07-14,1096,1102,1086,1092,1418529,1084,1093
2015-07-15,1093,1101,1091,1097,962351,1091,1099
2015-07-16,1099,1119,1098,1115,1827606,1093,1119
2015-07-17,1119,1122,1106,1111,877747,1098,1116
2015-07-20,1116,1119,1107,1115,1137817,1111,1117
2015-07-21,1117,1128,1093,1098,2757034,1117,1096
2015-07-22,1096,1117,1089,1114,1821600,1110,1113
2015-07-23,1113,1117,1100,1108,1270793,1111,1103
2015-07-24,1103,1115,1101,1108,1190252,1109,1104
2015-07-27,1104,1105,1070,1096,832143,1107,1094
2015-07-28,1094,1114,1092,1109,1586418,1100,1105
2015-07-29,1105,1118,1105,1108,985758,1101,1107
2015-07-30,1107,1117,1101,1111,2365547,1103,1116
2015-07-31,1116,1121,1103,1112,1412375,1105,1113
2015-08-03,1113,1118,1093,1095,1086432,1112,1098
2015-08-04,1098,1102,1082,1086,1347732,1109,1092
2015-08-05,1092,1098,1085,1092,1030695,1101,1092
2015-08-06,1092,1101,1085,1096,935928,1099,1094
2015-08-07,1094,1098,1089,1093,806785,1098,1095
2015-08-10,1095,1106,1088,1095,988594,1094,1095
2015-08-11,1095,1099,1084,1095,681922,1095,1088
2015-08-12,1088,1095,1068,1070,1501435,1093,1077
2015-08-13,1077,1083,1067,1078,866263,1089,1083
2015-08-14,1083,1104,1080,1102,900415,1088,1099
2015-08-17,1099,1102,1076,1092,625053,1086,1092
2015-08-18,1092,1096,1078,1086,464329,1091,1085
2015-08-19,1085,1087,1075,1082,751144,1092,1068
2015-08-20,1068,1085,1068,1075,761213,1086,1064
2015-08-21,1064,1073,1051,1061,1939743,1082,1045
2015-08-24,1045,1045,1011,1019,3671582,1059,1025
2015-08-25,1025,1032,1006,1018,3086980,1045,1017
2015-08-26,1017,1029,1009,1014,1393250,1029,1025
2015-08-27,1025,1034,1009,1022,3468358,1028,1031
2015-08-28,1031,1043,1019,1028,1388284,1029,1021
2015-08-31,1021,1033,1016,1027,860365,1026,1021
2015-09-01,1021,1021,993,1000,2617286,1024,1005
2015-09-02,1005,1014,985,995,2170422,1016,1002
2015-09-03,1002,1015,999,1010,1626842,1012,1002
2015-09-04,1002,1006,980,996,2851148,1010,1001
2015-09-07,1001,1010,980,984,1345435,1002,987
2015-09-08,987,1010,977,1004,1861122,997,1015
2015-09-09,1015,1025,1005,1016,1638280,1001,1003
2015-09-10,1003,1017,996,1011,1115935,1002,1015
2015-09-11,1015,1020,1007,1011,1075440,1004,1009
2015-09-14,1009,1022,1004,1020,1265086,1009,1018
2015-09-15,1018,1020,1008,1013,1083182,1014,1019
2015-09-16,1019,1028,1012,1023,1063513,1015,1035
2015-09-18,1035,1062,1031,1050,1960292,1020,1038
2015-09-21,1038,1055,1036,1053,1069172,1037,1050
2015-09-22,1050,1060,1025,1031,1506303,1041,1019
2015-09-23,1019,1053,1019,1049,1290288,1036,1047
2015-09-24,1047,1054,1036,1051,2063209,1039,1055
2015-09-28,1055,1060,1043,1046,1444277,1051,1032
2015-09-29,1032,1074,1025,1065,2604710,1044,1068
2015-09-30,1068,1073,1061,1069,2256949,1052,1075
2015-10-01,1075,1077,1059,1068,1258697,1058,1077
2015-10-05,1077,1105,1077,1098,2013343,1076,1107
2015-10-06,1107,1108,1083,1086,1189741,1092,1088
2015-10-07,1088,1098,1083,1088,1096567,1091,1088
2015-10-08,1088,1091,1075,1083,970477,1090,1095
2015-10-09,1095,1095,1080,1086,860807,1091,1088
2015-10-12,1088,1096,1078,1081,554335,1090,1076
2015-10-13,1076,1082,1073,1076,455913,1086,1069
2015-10-14,1069,1087,1067,1085,687287,1078,1086
2015-10-15,1086,1097,1081,1084,981488,1080,1090
2015-10-16,1090,1102,1085,1100,1210922,1082,1100
2015-10-19,1100,1102,1094,1098,663555,1092,1098
2015-10-20,1098,1103,1091,1095,962839,1096,1099
2015-10-21,1099,1104,1085,1095,1818301,1099,1099
2015-10-23,1099,1114,1096,1109,1116762,1099,1114
2015-10-26,1114,1114,1097,1102,1221996,1107,1096
2015-10-27,1096,1114,1096,1111,2246008,1103,1105
2015-10-28,1105,1124,1105,1112,1923690,1105,1110
2015-10-29,1110,1115,1100,1104,1675592,1106,1102
2015-10-30,1102,1112,1090,1100,2024365,1105,1095
2015-11-02,1095,1096,1077,1083,789138,1102,1091
2015-11-03,1091,1092,1079,1085,637148,1096,1090
2015-11-04,1090,1098,1078,1082,674111,1092,1079
2015-11-05,1079,1083,1070,1080,899238,1089,1081
2015-11-06,1081,1089,1075,1081,1470251,1087,1058
2015-11-09,1058,1070,1051,1065,2857358,1073,1060
2015-11-10,1060,1065,1052,1055,1100645,1066,1049
2015-11-13,1049,1055,1041,1052,985007,1056,1049
2015-11-16,1049,1065,1045,1061,1183683,1049,1063
2015-11-17,1063,1064,1051,1061,641851,1054,1062
2015-11-18,1062,1066,1046,1049,611680,1058,1055
2015-11-19,1055,1071,1050,1069,819420,1057,1065
2015-11-20,1065,1080,1060,1071,1162040,1059,1074
2015-11-23,1074,1076,1059,1066,852070,1065,1065
2015-11-24,1065,1074,1062,1064,1000563,1068,1059
2015-11-26,1059,1067,1051,1064,2197871,1066,1065
2015-11-27,1065,1082,1061,1079,1731268,1066,1079
2015-11-30,1079,1081,1070,1078,1311944,1068,1077
2015-12-01,1077,1085,1074,1083,473833,1074,1090
2015-12-02,1090,1093,1072,1078,640571,1082,1073
2015-12-03,1073,1081,1067,1077,951928,1080,1074
2015-12-04,1074,1074,1056,1059,1464957,1079,1068
2015-12-07,1068,1071,1061,1062,1453702,1072,1061
2015-12-08,1061,1062,1047,1049,1225665,1068,1047
2015-12-09,1047,1057,1045,1047,972654,1059,1045
2015-12-10,1045,1063,1042,1061,1628585,1055,1060
2015-12-11,1060,1061,1042,1046,758480,1056,1041
2015-12-14,1041,1060,1040,1055,1469504,1049,1053
2015-12-15,1053,1062,1045,1059,1139354,1051,1063
2015-12-16,1063,1073,1059,1067,1710692,1052,1074
2015-12-17,1074,1084,1065,1080,1219503,1058,1085
2015-12-18,1085,1085,1069,1073,793032,1063,1072
2015-12-21,1072,1080,1069,1075,774375,1077,1075
2015-12-22,1075,1077,1064,1066,607384,1077,1073
2015-12-23,1073,1078,1069,1074,753492,1073,1076
2015-12-24,1076,1076,1068,1074,536588,1074,1074
2015-12-28,1074,1080,1068,1077,1938857,1075,1079
2015-12-29,1079,1080,1071,1078,1057903,1077,1080
2015-12-30,1080,1082,1073,1074,528140,1078,1075
2015-12-31,1075,1085,1075,1082,2322502,1077,1082
2016-01-01,1082,1090,1076,1089,798769,1078,1084
2016-01-04,1084,1084,1068,1071,1296884,1080,1070
2016-01-05,1070,1075,1061,1062,790218,1079,1057
2016-01-06,1057,1077,1057,1067,1041384,1070,1060
2016-01-07,1060,1065,1050,1056,1513857,1068,1062
2016-01-08,1062,1065,1057,1062,872089,1067,1052
2016-01-11,1052,1061,1045,1059,822228,1058,1064
2016-01-12,1064,1064,1044,1047,1064684,1059,1052
2016-01-13,1052,1063,1037,1060,1128787,1056,1050
2016-01-14,1050,1057,1040,1050,1569796,1055,1048
2016-01-15,1048,1055,1038,1042,1354315,1053,1036
2016-01-18,1036,1041,1021,1026,1623847,1045,1027
2016-01-19,1027,1038,1026,1036,1601303,1037,1025
2016-01-20,1025,1108,1008,1018,2390897,1029,1021
2016-01-21,1021,1033,1013,1023,1575201,1027,1026
2016-01-22,1026,1044,1022,1030,1059071,1027,1040
2016-01-25,1040,1047,1033,1041,2535971,1029,1048
2016-01-27,1048,1049,1033,1036,1009867,1044,1039
2016-01-28,1039,1047,1030,1032,2487993,1042,1035
2016-01-29,1035,1055,1035,1050,1340046,1041,1058
2016-02-01,1058,1067,1054,1060,1152371,1044,1065
2016-02-02,1065,1065,1050,1054,1632157,1053,1045
2016-02-03,1045,1051,1042,1044,1212561,1056,1048
2016-02-04,1048,1055,1046,1049,1418998,1054,1053
2016-02-05,1053,1064,1046,1055,1880976,1054,1055
2016-02-08,1055,1058,1030,1036,870481,1052,1027
2016-02-09,1027,1032,1021,1026,1383865,1045,1024
2016-02-10,1024,1030,1010,1013,1920570,1035,1010
2016-02-11,1010,1013,968,975,2200900,1029,979
2016-02-12,979,986,966,971,3135536,1019,980
2016-02-15,980,988,971,974,2728240,990,982
2016-02-16,982,982,962,973,1784024,980,977
2016-02-17,977,980,959,975,1875981,980,986
2016-02-18,986,991,977,989,1699964,981,989
2016-02-19,989,993,974,989,832165,983,983
2016-02-22,983,996,983,989,1000599,986,985
2016-02-23,985,986,966,970,1519580,986,960
2016-02-24,960,963,946,950,1615867,976,954
2016-02-25,954,957,938,943,2115799,971,950
2016-02-26,950,971,945,961,1552347,966,961
2016-02-29,961,983,928,972,2203188,955,975
2016-03-01,975,987,972,984,1080640,962,998
2016-03-02,998,1011,995,1007,1589744,978,1011
2016-03-03,1011,1020,1010,1016,1152600,986,1015
2016-03-04,1015,1025,993,1021,1426156,992,1024
2016-03-08,1024,1024,1010,1014,478422,1020,1013
2016-03-09,1013,1030,1007,1025,1632043,1019,1025
2016-03-10,1025,1026,1010,1021,667848,1021,1020
2016-03-11,1020,1031,1013,1029,1182714,1021,1028
2016-03-14,1028,1038,1025,1028,752164,1024,1028
2016-03-15,1028,1033,1022,1027,1922509,1025,1027
2016-03-16,1027,1034,1019,1030,1200887,1028,1035
2016-03-17,1035,1039,1011,1018,1278371,1030,1023
2016-03-18,1023,1032,1015,1028,1033767,1028,1033
2016-03-21,1033,1047,1032,1046,1329699,1030,1047
2016-03-22,1047,1057,1041,1054,1030066,1034,1053
2016-03-23,1053,1053,1041,1049,2116075,1044,1045
2016-03-28,1045,1053,1042,1048,2817717,1045,1048
2016-03-29,1048,1060,1044,1054,1683488,1047,1058
2016-03-30,1058,1070,1054,1065,1953595,1050,1067
2016-03-31,1067,1079,1065,1071,5020098,1055,1069
2016-04-01,1069,1076,1057,1064,1289662,1057,1065
2016-04-04,1065,1073,1064,1069,1544990,1067,1069
2016-04-05,1069,1077,1056,1057,1665757,1068,1061
2016-04-06,1061,1067,1057,1062,1073844,1065,1064
2016-04-07,1064,1065,1047,1056,977923,1065,1055
2016-04-08,1055,1063,1054,1059,740699,1063,1060
2016-04-11,1060,1074,1043,1071,1012405,1060,1070
2016-04-12,1070,1071,1059,1063,1235370,1062,1072
2016-04-13,1072,1085,1070,1082,1243651,1067,1084
2016-04-18,1084,1092,1072,1088,1029267,1084,1092
2016-04-20,1092,1100,1084,1098,955338,1088,1095
2016-04-21,1095,1105,1089,1091,2047932,1090,1090
2016-04-22,1090,1101,1085,1092,1952330,1090,1100
2016-04-25,1100,1100,1085,1093,1390490,1095,1095
2016-04-26,1095,1115,1093,1114,1763449,1095,1110
2016-04-27,1110,1125,1109,1124,1440909,1102,1124
2016-04-28,1124,1137,1110,1114,2022396,1107,1114
2016-04-29,1114,1136,1106,1132,1402985,1109,1128
2016-05-02,1128,1130,1116,1118,965679,1122,1122
2016-05-03,1122,1135,1113,1118,1173824,1121,1118
2016-05-04,1118,1135,1114,1127,1323082,1123,1128
2016-05-05,1128,1135,1123,1132,1303562,1124,1132
2016-05-06,1132,1132,1117,1120,683288,1126,1120
2016-05-09,1120,1145,1119,1141,1738295,1127,1144
2016-05-10,1144,1148,1136,1145,1363250,1132,1135
2016-05-11,1135,1145,1130,1139,1536843,1133,1144
2016-05-12,1144,1152,1133,1149,1055422,1136,1148
2016-05-13,1148,1148,1130,1141,1261329,1138,1145
2016-05-16,1145,1166,1133,1163,1129692,1146,1165
2016-05-17,1165,1169,1151,1153,1073856,1153,1151
2016-05-18,1151,1151,1132,1141,1040661,1154,1140
2016-05-19,1140,1143,1132,1139,963949,1150,1140
2016-05-20,1140,1149,1134,1141,504158,1148,1142
2016-05-23,1142,1150,1133,1137,865883,1141,1138
2016-05-24,1138,1144,1136,1140,814867,1140,1146
2016-05-25,1146,1176,1146,1173,1441837,1142,1176
2016-05-26,1176,1189,1166,1183,3426390,1151,1183
2016-05-27,1183,1190,1177,1187,1443796,1157,1187
2016-05-30,1187,1195,1178,1180,953633,1182,1186
2016-05-31,1186,1186,1177,1182,1378910,1185,1183
2016-06-01,1183,1183,1171,1175,1418908,1185,1175
2016-06-02,1175,1181,1171,1175,1977654,1183,1180
2016-06-03,1180,1185,1169,1172,1131105,1182,1176
2016-06-06,1176,1182,1170,1171,1386827,1177,1177
2016-06-07,1177,1180,1168,1174,1407126,1178,1176
2016-06-08,1176,1178,1161,1163,1185703,1176,1163
2016-06-09,1163,1164,1153,1159,1162046,1173,1158
2016-06-10,1158,1173,1156,1161,1580578,1170,1155
2016-06-13,1155,1165,1151,1153,830809,1159,1155
2016-06-14,1155,1157,1144,1152,957192,1156,1155
2016-06-15,1155,1171,1153,1170,761456,1155,1167
2016-06-16,1167,1169,1155,1162,1181942,1158,1167
2016-06-17,1167,1178,1166,1170,940413,1160,1159
2016-06-20,1159,1179,1159,1172,685691,1164,1175
2016-06-21,1175,1175,1161,1167,667742,1167,1166
2016-06-22,1166,1175,1166,1172,950960,1167,1170
2016-06-23,1170,1192,1168,1190,981683,1168,1160
2016-06-24,1160,1172,1147,1162,2793491,1166,1162
2016-06-27,1162,1169,1153,1160,1040947,1164,1161
2016-06-28,1161,1173,1150,1167,1008745,1161,1165
2016-06-29,1165,1170,1160,1168,1355167,1163,1171
2016-06-30,1171,1180,1162,1176,4069723,1165,1180
2016-07-01,1180,1185,1172,1175,1076219,1168,1178
2016-07-04,1178,1180,1171,1173,1812463,1176,1173
2016-07-05,1173,1174,1162,1166,534082,1177,1168
2016-07-07,1168,1189,1161,1186,1208154,1173,1185
2016-07-08,1185,1186,1171,1175,779717,1176,1186
2016-07-11,1186,1202,1181,1200,1275633,1180,1210
2016-07-12,1210,1210,1196,1202,1761508,1194,1200
2016-07-13,1200,1202,1193,1198,1671768,1199,1201
2016-07-14,1201,1202,1192,1200,864917,1199,1204
2016-07-15,1204,1226,1195,1224,1443554,1200,1225
2016-07-18,1225,1239,1223,1227,1109621,1210,1229
2016-07-19,1229,1231,1214,1218,646501,1219,1223
2016-07-20,1223,1239,1222,1232,1172583,1226,1231
2016-07-21,1231,1240,1223,1229,2278226,1227,1233
2016-07-22,1233,1235,1222,1231,1405068,1228,1233
2016-07-25,1233,1249,1227,1247,2468221,1232,1242
2016-07-26,1242,1246,1235,1239,1416498,1236,1241
2016-07-27,1241,1248,1230,1237,2683684,1239,1238
2016-07-28,1238,1251,1236,1248,2661632,1239,1248
2016-07-29,1248,1250,1235,1246,848919,1240,1249
2016-08-01,1249,1259,1228,1242,1390216,1245,1247
2016-08-02,1247,1256,1240,1243,1332349,1248,1241
2016-08-03,1241,1250,1231,1240,1183469,1246,1247
2016-08-04,1247,1247,1234,1241,1165720,1246,1247
2016-08-05,1247,1256,1242,1249,1446228,1246,1253
2016-08-08,1253,1255,1245,1250,1182194,1249,1253
2016-08-09,1253,1253,1238,1247,1052714,1251,1245
2016-08-10,1245,1251,1220,1227,904930,1250,1227
2016-08-11,1227,1235,1222,1228,714018,1245,1231
2016-08-12,1231,1235,1219,1229,1160374,1242,1233
2016-08-16,1233,1238,1214,1227,867142,1232,1233
2016-08-17,1233,1238,1226,1235,1377759,1233,1238
2016-08-18,1238,1255,1235,1253,1527914,1235,1250
2016-08-19,1250,1250,1241,1247,1027659,1239,1245
2016-08-22,1245,1254,1241,1250,1375323,1244,1251
2016-08-23,1251,1254,1246,1251,1328631,1249,1252
2016-08-24,1252,1264,1247,1262,1392734,1249,1264
2016-08-25,1264,1267,1254,1259,2182472,1253,1260
2016-08-26,1260,1262,1254,1257,630284,1254,1256
2016-08-29,1256,1256,1236,1238,736046,1260,1245
2016-08-30,1245,1271,1244,1269,2466902,1254,1269
2016-08-31,1269,1295,1266,1291,2790341,1257,1288
2016-09-01,1288,1290,1275,1284,1306169,1265,1286
2016-09-02,1286,1289,1281,1285,988797,1269,1290
2016-09-06,1290,1304,1290,1300,1377221,1288,1301
2016-09-07,1301,1305,1283,1287,1004111,1296,1290
2016-09-08,1290,1295,1284,1289,726345,1294,1290
2016-09-09,1290,1295,1278,1290,1003442,1293,1275
2016-09-12,1275,1284,1272,1280,996432,1285,1275
2016-09-14,1275,1277,1265,1269,962377,1275,1272
2016-09-15,1272,1284,1270,1280,875453,1274,1284
2016-09-16,1284,1305,1284,1298,1631454,1277,1297
2016-09-19,1297,1303,1288,1290,1473708,1284,1293
2016-09-20,1293,1295,1284,1288,944562,1291,1292
2016-09-21,1292,1298,1288,1293,1064100,1294,1305
2016-09-22,1305,1317,1301,1307,1638950,1297,1306
2016-09-23,1306,1318,1302,1313,1219202,1299,1306
2016-09-26,1306,1309,1294,1296,1394193,1306,1299
2016-09-27,1299,1306,1295,1298,1014203,1304,1300
2016-09-28,1300,1300,1289,1295,1247413,1302,1298
2016-09-29,1298,1306,1268,1278,4112503,1301,1277
2016-09-30,1277,1281,1267,1273,1034607,1296,1281
2016-10-03,1281,1290,1276,1287,975137,1285,1289
2016-10-04,1289,1295,1282,1290,693878,1282,1298
2016-10-05,1298,1300,1276,1286,911755,1289,1287
2016-10-06,1287,1296,1279,1282,723928,1289,1284
2016-10-07,1284,1288,1276,1281,834366,1288,1285
2016-10-10,1285,1288,1279,1284,1179828,1285,1279
2016-10-13,1279,1279,1256,1263,1129839,1282,1266
2016-10-14,1266,1268,1254,1262,1016779,1277,1266
2016-10-17,1266,1266,1233,1238,1283840,1270,1243
2016-10-18,1243,1260,1239,1258,652742,1258,1261
2016-10-19,1261,1263,1248,1258,761226,1257,1260
2016-10-20,1260,1267,1251,1256,800089,1258,1256
2016-10-21,1256,1273,1250,1271,989102,1257,1272
2016-10-24,1272,1277,1261,1264,813916,1263,1268
2016-10-25,1268,1268,1244,1250,1375449,1265,1243
2016-10-26,1243,1265,1235,1239,1341635,1261,1239
2016-10-27,1239,1257,1224,1252,2905965,1256,1255
2016-10-28,1255,1262,1240,1259,1330134,1255,1256
2016-11-01,1256,1264,1247,1260,850604,1256,1251
2016-11-02,1251,1256,1242,1246,1618608,1254,1245
2016-11-03,1245,1260,1232,1255,1578953,1251,1253
2016-11-04,1253,1253,1242,1244,1433730,1251,1252
2016-11-07,1252,1255,1240,1249,1417848,1250,1251
2016-11-08,1251,1258,1240,1254,1337041,1252,1200
2016-11-09,1200,1257,1195,1251,3411367,1234,1264
2016-11-10,1264,1283,1254,1279,2675184,1242,1274
2016-11-11,1274,1282,1266,1276,1784830,1248,1278
2016-11-15,1278,1289,1251,1255,3128131,1276,1268
2016-11-16,1268,1268,1240,1244,2161936,1273,1238
2016-11-17,1238,1249,1225,1230,1203906,1261,1236
2016-11-18,1236,1236,1209,1211,1719975,1255,1220
2016-11-21,1220,1220,1188,1199,1388130,1231,1207
2016-11-22,1207,1207,1189,1198,2504446,1221,1203
2016-11-23,1203,1203,1181,1185,883173,1210,1184
2016-11-24,1184,1186,1161,1166,3821499,1204,1169
2016-11-25,1169,1193,1158,1189,1492490,1197,1180
2016-11-28,1180,1199,1178,1184,1032545,1178,1185
2016-11-29,1185,1193,1177,1179,983161,1178,1185
2016-11-30,1185,1202,1181,1200,1610710,1183,1202
2016-12-01,1202,1208,1193,1197,1119246,1188,1189
2016-12-02,1189,1202,1177,1189,1015668,1188,1188
2016-12-05,1188,1199,1177,1196,1137984,1193,1195
2016-12-06,1195,1203,1190,1194,675741,1191,1202
2016-12-07,1202,1206,1167,1182,1407048,1195,1187
2016-12-08,1187,1206,1187,1200,1077424,1193,1199
2016-12-09,1199,1202,1188,1198,1096988,1194,1192
2016-12-12,1192,1192,1181,1184,856318,1193,1180
2016-12-13,1180,1190,1179,1186,631717,1190,1187
2016-12-14,1187,1188,1173,1176,1078536,1186,1164
2016-12-15,1164,1195,1164,1177,1235372,1181,1177
2016-12-16,1177,1185,1172,1182,813957,1180,1177
2016-12-19,1177,1180,1171,1177,790109,1173,1176
2016-12-20,1176,1185,1172,1182,1047498,1177,1184
2016-12-21,1184,1185,1175,1180,664719,1179,1176
2016-12-22,1176,1180,1168,1173,701429,1178,1171
2016-12-23,1171,1189,1169,1186,1188129,1177,1179
2016-12-26,1179,1186,1170,1175,1045966,1175,1179
2016-12-27,1179,1187,1174,1185,1224824,1176,1190
2016-12-28,1190,1195,1181,1187,1626960,1183,1185
2016-12-29,1185,1208,1181,1205,2025204,1183,1200
2016-12-30,1200,1212,1200,1206,1016635,1187,1209
2017-01-02,1209,1210,1192,1197,927164,1198,1201
2017-01-03,1201,1202,1186,1190,961875,1203,1190
2017-01-04,1190,1192,1184,1186,1741780,1200,1189
2017-01-05,1189,1195,1183,1186,1694096,1197,1190
2017-01-06,1190,1198,1188,1194,1381315,1196,1199
2017-01-09,1199,1204,1192,1195,1143449,1193,1196
2017-01-10,1196,1217,1195,1214,1386529,1195,1218
2017-01-11,1218,1238,1216,1234,2335851,1204,1235
2017-01-12,1235,1244,1226,1235,729079,1212,1239
2017-01-13,1239,1240,1229,1233,962603,1217,1234
2017-01-16,1234,1249,1233,1248,941466,1236,1247
2017-01-17,1247,1252,1236,1239,889903,1240,1241
2017-01-18,1241,1256,1241,1243,1153222,1241,1245
2017-01-19,1245,1245,1235,1236,878103,1242,1236
2017-01-20,1236,1245,1230,1236,3485517,1241,1236
2017-01-23,1236,1250,1236,1245,1198462,1239,1250
2017-01-24,1250,1272,1249,1268,2565466,1241,1273
2017-01-25,1273,1296,1270,1291,3909246,1253,1299
2017-01-27,1299,1300,1288,1292,1713059,1265,1293
2017-01-30,1293,1293,1281,1285,1329907,1296,1282
2017-01-31,1282,1293,1277,1287,1525260,1291,1286
2017-02-01,1286,1310,1281,1306,2727666,1287,1306
2017-02-02,1306,1306,1293,1299,1492909,1292,1299
2017-02-03,1299,1316,1297,1311,2001276,1293,1312
2017-02-06,1312,1320,1311,1314,1077555,1306,1316
2017-02-07,1316,1318,1303,1307,852980,1309,1308
2017-02-08,1308,1319,1298,1306,1235240,1312,1309
2017-02-09,1309,1320,1293,1298,1116344,1311,1298
2017-02-10,1298,1309,1298,1304,824184,1309,1308
2017-02-13,1308,1315,1299,1310,698948,1305,1314
2017-02-14,1314,1314,1304,1311,611515,1307,1312
2017-02-15,1312,1324,1307,1322,1531735,1311,1323
2017-02-16,1323,1333,1320,1328,1260925,1314,1445
2017-02-17,1445,1454,1360,1377,100564990,1340,1361
2017-02-20,1361,1415,1359,1409,2641679,1376,1406
2017-02-21,1406,1422,1397,1416,1565007,1404,1415
2017-02-22,1415,1419,1395,1399,1324194,1394,1404
2017-02-23,1404,1421,1387,1394,8623745,1397,1391
2017-02-27,1391,1398,1379,1394,1170344,1398,1393
2017-02-28,1393,1396,1385,1390,732002,1392,1396
2017-03-01,1396,1397,1386,1392,870434,1393,1395
2017-03-02,1395,1396,1376,1380,1150497,1394,1385
2017-03-03,1385,1385,1369,1377,623206,1392,1377
2017-03-06,1377,1390,1373,1381,919781,1386,1382
2017-03-07,1382,1388,1376,1386,778219,1381,1388
2017-03-08,1388,1399,1381,1392,945536,1382,1382
2017-03-09,1382,1399,1382,1394,877329,1382,1395
2017-03-10,1395,1408,1393,1400,1465176,1385,1422
2017-03-14,1422,1424,1407,1411,1788755,1409,1411
2017-03-15,1411,1420,1411,1417,1067965,1417,1418
2017-03-16,1418,1423,1414,1417,1245027,1417,1419
2017-03-17,1419,1428,1413,1426,847616,1418,1427
2017-03-20,1427,1440,1426,1436,2035586,1421,1434
2017-03-21,1434,1445,1434,1441,1389320,1427,1428
2017-03-22,1428,1437,1426,1431,1409136,1430,1434
2017-03-23,1434,1435,1423,1431,1230618,1431,1433
2017-03-24,1433,1434,1422,1424,952591,1431,1424
2017-03-27,1424,1424,1404,1410,1466021,1430,1418
2017-03-28,1418,1425,1413,1420,2015350,1425,1421
2017-03-29,1421,1435,1420,1429,2143943,1421,1428
2017-03-30,1428,1480,1425,1466,8580273,1423,1454
2017-03-31,1454,1454,1437,1443,2412848,1429,1446
2017-04-03,1446,1450,1426,1433,1037263,1443,1435
2017-04-05,1435,1447,1428,1432,1436020,1441,1432
2017-04-06,1432,1443,1425,1439,1531104,1438,1431
2017-04-07,1431,1445,1429,1439,1162090,1436,1443
2017-04-10,1443,1443,1433,1434,848469,1435,1434
2017-04-11,1434,1441,1432,1440,1089065,1436,1439
2017-04-12,1439,1450,1436,1444,891273,1439,1443
2017-04-13,1443,1449,1437,1440,1201059,1440,1440
2017-04-17,1440,1444,1428,1437,1784264,1442,1440
2017-04-18,1440,1455,1438,1447,909715,1440,1447
2017-04-19,1447,1457,1438,1449,1084536,1442,1453
2017-04-20,1453,1466,1453,1462,1445343,1445,1466
2017-04-21,1466,1499,1453,1497,4314508,1449,1498
2017-04-24,1498,1539,1497,1533,5051738,1472,1535
2017-04-25,1535,1546,1530,1537,2264445,1500,1543
2017-04-26,1543,1553,1468,1551,1948963,1525,1546
2017-04-27,1546,1574,1546,1569,4045105,1531,1560
2017-04-28,1560,1560,1537,1547,1359432,1536,1547
2017-05-02,1547,1551,1530,1541,1001760,1554,1554
2017-05-03,1554,1554,1539,1544,626991,1551,1539
2017-05-04,1539,1543,1523,1535,1282757,1547,1542
2017-05-05,1542,1543,1526,1532,689474,1546,1538
2017-05-08,1538,1540,1529,1535,936813,1540,1535
2017-05-09,1535,1546,1533,1536,836459,1538,1540
2017-05-10,1540,1555,1537,1552,585561,1538,1551
2017-05-11,1551,1560,1541,1546,968936,1541,1546
2017-05-12,1546,1557,1536,1552,1536901,1542,1550
2017-05-15,1550,1557,1542,1553,701195,1549,1555
2017-05-16,1555,1562,1548,1560,897594,1550,1559
2017-05-17,1559,1565,1552,1557,868118,1555,1549
2017-05-18,1549,1562,1548,1557,776820,1553,1560
2017-05-19,1560,1570,1545,1561,713534,1555,1565
2017-05-22,1565,1580,1563,1576,715013,1558,1580
2017-05-23,1580,1584,1565,1569,770043,1568,1569
2017-05-24,1569,1575,1562,1567,866847,1571,1567
2017-05-25,1567,1629,1567,1617,5022701,1570,1607
2017-05-26,1607,1632,1601,1626,1360789,1578,1620
2017-05-29,1620,1648,1618,1632,1479085,1598,1630
2017-05-30,1630,1634,1616,1629,1108546,1619,1625
2017-05-31,1625,1643,1623,1636,1329728,1625,1639
2017-06-01,1639,1640,1621,1629,839885,1629,1634
2017-06-02,1634,1646,1626,1634,803386,1630,1634
2017-06-05,1634,1639,1625,1636,724975,1636,1635
2017-06-06,1635,1644,1630,1639,1250658,1634,1640
2017-06-07,1640,1645,1630,1641,638569,1636,1644
2017-06-08,1644,1659,1642,1645,1062192,1638,1640
2017-06-09,1640,1670,1640,1667,1326318,1639,1664
2017-06-12,1664,1676,1660,1669,992853,1649,1662
2017-06-13,1662,1692,1661,1677,1262905,1655,1675
2017-06-14,1675,1680,1667,1671,964590,1667,1668
2017-06-15,1668,1676,1654,1664,881673,1667,1665
2017-06-16,1665,1675,1658,1669,938776,1667,1671
2017-06-19,1671,1696,1668,1693,956383,1668,1690
2017-06-20,1690,1694,1680,1687,915066,1675,1683
2017-06-21,1683,1701,1680,1699,852733,1681,1695
2017-06-22,1695,1716,1691,1698,1668865,1685,1702
2017-06-23,1702,1703,1675,1679,1304367,1688,1689
2017-06-27,1689,1695,1656,1668,1500108,1696,1665
2017-06-28,1665,1675,1658,1666,1112259,1677,1667
2017-06-29,1667,1682,1651,1663,2296927,1674,1654
2017-06-30,1654,1660,1643,1652,1082608,1669,1653
2017-07-03,1653,1668,1647,1659,876083,1658,1660
2017-07-04,1660,1667,1652,1653,941520,1656,1653
2017-07-05,1653,1660,1645,1649,1003550,1655,1653
2017-07-06,1653,1663,1651,1658,1142919,1655,1661
2017-07-07,1661,1670,1658,1667,1379349,1656,1668
2017-07-10,1668,1748,1661,1676,327313,1661,1678
2017-07-11,1678,1691,1667,1680,1102570,1669,1680
2017-07-12,1680,1685,1659,1681,1434723,1675,1688
2017-07-13,1688,1693,1680,1684,1120251,1679,1684
2017-07-14,1684,1686,1672,1680,610813,1680,1683
2017-07-17,1683,1688,1677,1682,599835,1685,1680
2017-07-18,1680,1688,1677,1684,580547,1682,1685
2017-07-19,1685,1696,1682,1692,996811,1683,1694
2017-07-20,1694,1715,1688,1711,924619,1686,1714
2017-07-21,1714,1715,1700,1703,968377,1691,1710
2017-07-24,1710,1740,1695,1735,4919544,1706,1759
2017-07-25,1759,1759,1733,1740,2790117,1728,1742
2017-07-26,1742,1755,1733,1748,973836,1737,1756
2017-07-27,1756,1799,1752,1790,4490428,1742,1772
2017-07-28,1772,1787,1761,1779,2313849,1748,1778
2017-07-31,1778,1791,1767,1784,1842285,1769,1782
2017-08-01,1782,1809,1772,1797,2129215,1777,1807
2017-08-02,1807,1807,1782,1792,1849479,1789,1788
2017-08-03,1788,1792,1774,1780,1064196,1789,1777
2017-08-04,1777,1797,1766,1790,886267,1786,1786
2017-08-07,1786,1796,1785,1789,479665,1784,1792
2017-08-08,1792,1797,1766,1778,1008843,1785,1771
2017-08-09,1771,1777,1758,1764,817514,1783,1760
2017-08-10,1760,1766,1753,1760,1947111,1777,1745
2017-08-11,1745,1758,1731,1749,1589959,1771,1753
2017-08-14,1753,1775,1748,1757,894271,1753,1762
2017-08-16,1762,1790,1749,1781,1106708,1758,1776
2017-08-17,1776,1781,1754,1765,1363717,1764,1760
2017-08-18,1760,1761,1743,1752,926866,1763,1754
2017-08-21,1754,1759,1738,1743,1002431,1763,1751
2017-08-22,1751,1754,1737,1747,1652389,1755,1750
2017-08-23,1750,1778,1750,1772,840131,1752,1775
2017-08-24,1775,1775,1759,1763,1969569,1758,1762
2017-08-28,1762,1771,1758,1762,376946,1769,1759
2017-08-29,1759,1759,1738,1746,1229649,1761,1752
2017-08-30,1752,1770,1750,1769,673580,1758,1772
2017-08-31,1772,1780,1756,1776,1825859,1761,1781
2017-09-01,1781,1781,1761,1768,573793,1765,1765
2017-09-04,1765,1765,1746,1751,910631,1773,1757
2017-09-05,1757,1765,1751,1755,920609,1768,1744
2017-09-06,1744,1763,1738,1760,1437908,1755,1760
2017-09-07,1760,1777,1760,1767,1736605,1757,1773
2017-09-08,1773,1790,1771,1788,2077916,1760,1793
2017-09-11,1793,1829,1790,1823,2869419,1775,1828
2017-09-12,1828,1840,1818,1835,1671920,1798,1835
2017-09-13,1835,1849,1824,1842,1248844,1819,1840
2017-09-14,1840,1853,1832,1839,2038504,1824,1836
2017-09-15,1836,1852,1833,1849,941833,1826,1854
2017-09-18,1854,1864,1853,1860,1021232,1843,1865
2017-09-19,1865,1868,1848,1850,1060367,1852,1848
2017-09-20,1848,1861,1845,1849,861532,1856,1848
2017-09-21,1848,1849,1831,1839,1928124,1854,1835
2017-09-22,1835,1839,1820,1824,2060881,1850,1822
2017-09-25,1822,1822,1793,1800,2537307,1835,1789
2017-09-26,1789,1797,1785,1792,2859683,1815,1796
2017-09-27,1796,1806,1770,1777,1834305,1802,1774
2017-09-28,1774,1799,1763,1795,6911616,1795,1800
2017-09-29,1800,1822,1796,1806,1553408,1796,1808
2017-10-03,1808,1821,1797,1809,1098606,1804,1808
2017-10-04,1808,1812,1793,1797,1656276,1808,1795
2017-10-05,1795,1805,1793,1799,834049,1804,1798
2017-10-06,1798,1804,1794,1800,757665,1802,1799
2017-10-09,1799,1803,1791,1796,765623,1797,1799
2017-10-10,1799,1815,1793,1803,949545,1799,1803
2017-10-11,1803,1815,1788,1790,1316860,1800,1795
2017-10-12,1795,1821,1788,1819,1345390,1799,1827
2017-10-13,1827,1857,1822,1851,1608366,1805,1860
2017-10-16,1860,1873,1842,1857,818636,1827,1850
2017-10-17,1850,1854,1839,1851,653322,1846,1841
2017-10-18,1841,1875,1839,1869,981680,1850,1862
2017-10-19,1862,1865,1841,1848,142502,1853,1860
2017-10-23,1860,1870,1836,1863,1040723,1861,1863
2017-10-24,1863,1880,1853,1867,2832218,1862,1860
2017-10-25,1860,1863,1785,1795,5341802,1861,1768
2017-10-26,1768,1810,1758,1795,7142866,1838,1804
2017-10-27,1804,1808,1779,1791,1868022,1831,1798
2017-10-30,1798,1816,1792,1815,1355588,1790,1812
2017-10-31,1812,1812,1799,1809,1170615,1805,1815
2017-11-01,1815,1825,1812,1821,1047653,1808,1823
2017-11-02,1823,1830,1817,1822,1184486,1812,1826
2017-11-03,1826,1840,1822,1831,952622,1815,1825
2017-11-06,1825,1840,1823,1829,1537061,1825,1838
2017-11-07,1838,1845,1821,1824,1861594,1830,1825
2017-11-08,1825,1834,1819,1826,820786,1829,1827
2017-11-09,1827,1835,1821,1828,778327,1829,1822
2017-11-10,1822,1835,1812,1822,1936090,1827,1822
2017-11-13,1822,1823,1795,1814,833968,1824,1816
2017-11-14,1816,1819,1800,1802,1178117,1820,1798
2017-11-15,1798,1804,1788,1800,1537092,1812,1804
2017-11-16,1804,1816,1795,1808,1003243,1810,1829
2017-11-17,1829,1838,1813,1826,1589693,1814,1829
2017-11-20,1829,1840,1829,1838,598106,1821,1837
2017-11-21,1837,1850,1836,1846,568883,1832,1850
2017-11-22,1850,1860,1845,1855,1415199,1839,1859
2017-11-23,1859,1860,1838,1843,808145,1844,1843
2017-11-24,1843,1858,1841,1851,1300921,1844,1849
2017-11-27,1849,1862,1846,1858,967618,1850,1856
2017-11-28,1856,1871,1856,1865,1272635,1849,1865
2017-11-29,1865,1876,1856,1873,818646,1857,1869
2017-11-30,1869,1874,1840,1854,1449078,1860,1855
2017-12-01,1855,1860,1844,1848,964537,1859,1855
2017-12-04,1855,1855,1830,1834,910483,1860,1826
2017-12-05,1826,1829,1807,1820,973340,1845,1820
2017-12-06,1820,1821,1799,1803,1598780,1834,1807
2017-12-07,1807,1817,1803,1810,1057826,1827,1814
2017-12-08,1814,1853,1814,1840,2239100,1824,1848
2017-12-11,1848,1852,1840,1846,799558,1823,1849
2017-12-12,1849,1850,1816,1820,602647,1837,1820
2017-12-13,1820,1845,1815,1821,726865,1839,1824
2017-12-14,1824,1840,1812,1838,920773,1835,1856
2017-12-15,1856,1888,1856,1873,3112531,1839,1855
2017-12-18,1855,1899,1809,1879,3074497,1845,1880
2017-12-19,1880,1894,1876,1885,1238028,1864,1899
2017-12-20,1899,1903,1864,1868,2335876,1878,1880
2017-12-21,1880,1885,1865,1868,1713636,1879,1879
2017-12-22,1879,1880,1862,1877,1117726,1879,1881
2017-12-26,1881,1883,1857,1868,1696424,1880,1870
2017-12-27,1870,1870,1851,1857,872346,1876,1859
2017-12-28,1859,1881,1858,1878,2175130,1870,1877
2017-12-29,1877,1879,1868,1872,1586468,1872,1873
2018-01-01,1873,1881,1851,1855,1645129,1870,1859
2018-01-02,1859,1875,1859,1872,1194079,1870,1875
2018-01-03,1875,1878,1851,1853,1132822,1869,1853
2018-01-04,1853,1866,1853,1860,593444,1865,1863
2018-01-05,1863,1868,1856,1864,717717,1865,1865
2018-01-08,1865,1871,1858,1861,1142577,1860,1862
2018-01-09,1862,1870,1855,1864,1326382,1863,1865
2018-01-10,1865,1868,1857,1864,1153972,1864,1864
2018-01-11,1864,1876,1856,1873,1014774,1864,1873
2018-01-12,1873,1878,1860,1865,1084177,1866,1870
2018-01-15,1870,1904,1860,1898,3144111,1869,1903
2018-01-16,1903,1910,1885,1900,1611346,1882,1897
2018-01-17,1897,1903,1887,1891,726374,1890,1924
2018-01-18,1924,1954,1918,1934,4162385,1899,1935
2018-01-19,1935,1960,1919,1952,2863997,1906,1960
2018-01-22,1960,1988,1953,1963,2212442,1940,1965
2018-01-23,1965,1967,1943,1951,1261949,1953,1953
2018-01-24,1953,1969,1951,1958,1197642,1959,1954
2018-01-25,1954,1980,1951,1975,2180917,1958,1978
2018-01-29,1978,2007,1978,2000,2058973,1966,1998
2018-01-30,1998,2002,1984,1996,1599390,1988,1989
2018-01-31,1989,2014,1987,2006,1735837,1988,2006
2018-02-01,2006,2015,1985,1991,1630355,1993,1986
2018-02-02,1986,1990,1942,1948,1836531,1991,1918
2018-02-05,1918,1935,1906,1914,1981696,1970,1860
2018-02-06,1860,1912,1836,1897,2687451,1921,1907
2018-02-07,1907,1907,1862,1873,2091243,1895,1884
2018-02-08,1884,1899,1867,1881,1292861,1892,1848
2018-02-09,1848,1865,1844,1850,1602238,1883,1860
2018-02-12,1860,1886,1855,1877,1095277,1864,1890
2018-02-14,1890,1898,1875,1883,894297,1875,1890
2018-02-15,1890,1895,1875,1882,1228806,1880,1884
2018-02-16,1884,1895,1876,1879,895880,1881,1883
2018-02-19,1883,1888,1859,1878,913638,1886,1885
2018-02-20,1885,1886,1859,1863,1021017,1884,1868
2018-02-21,1868,1869,1852,1857,688268,1879,1850
2018-02-22,1850,1860,1842,1853,3313399,1872,1857
2018-02-23,1857,1885,1850,1881,1019187,1869,1888
2018-02-26,1888,1915,1884,1912,1197221,1865,1915
2018-02-27,1915,1922,1900,1903,1196832,1887,1890
2018-02-28,1890,1895,1878,1884,1016591,1898,1879
2018-03-01,1879,1893,1868,1874,977460,1893,1874
2018-03-05,1874,1878,1858,1870,945366,1877,1870
2018-03-06,1870,1880,1840,1846,1144207,1872,1840
2018-03-07,1840,1853,1829,1833,1407041,1861,1840
2018-03-08,1840,1859,1832,1853,1379681,1856,1855
2018-03-09,1855,1865,1844,1851,1027027,1856,1860
2018-03-12,1860,1869,1853,1867,1639279,1852,1867
2018-03-13,1867,1885,1855,1860,1281050,1861,1856
2018-03-14,1856,1868,1848,1865,920098,1861,1865
2018-03-15,1865,1888,1865,1881,1467731,1862,1880
2018-03-16,1880,1881,1847,1853,1974084,1866,1853
2018-03-19,1853,1860,1843,1847,1959685,1866,1845
2018-03-20,1845,1856,1835,1840,914343,1859,1848
2018-03-21,1848,1863,1843,1859,1480285,1849,1859
2018-03-22,1859,1880,1855,1868,1668306,1851,1847
2018-03-23,1847,1853,1837,1842,1797538,1850,1840
2018-03-26,1840,1900,1834,1893,2625442,1849,1894
2018-03-27,1894,1899,1876,1893,1534209,1860,1883
2018-03-28,1883,1900,1876,1886,2209377,1872,1891
2018-04-02,1891,1936,1891,1931,1149092,1891,1924
2018-04-03,1924,1926,1911,1916,1019971,1908,1913
2018-04-04,1913,1925,1878,1883,928527,1909,1901
2018-04-05,1901,1914,1890,1909,1214723,1907,1912
2018-04-06,1912,1926,1906,1923,930002,1908,1919
2018-04-09,1919,1942,1916,1939,1000884,1911,1943
2018-04-10,1943,1943,1914,1921,1516809,1925,1916
2018-04-11,1916,1920,1905,1919,717703,1926,1916
2018-04-12,1916,1933,1906,1929,1178129,1924,1928
2018-04-13,1928,1940,1919,1925,824293,1924,1920
2018-04-16,1920,1950,1920,1942,711936,1921,1944
2018-04-17,1944,1951,1934,1949,666958,1931,1951
2018-04-18,1951,1954,1930,1933,678180,1938,1940
2018-04-19,1940,1945,1933,1939,792258,1939,1941
2018-04-20,1941,1961,1932,1956,2340345,1939,1979
2018-04-23,1979,1979,1860,1936,3826155,1953,1935
2018-04-24,1935,1948,1926,1935,1259354,1952,1928
2018-04-25,1928,1938,1912,1921,1005148,1947,1917
2018-04-26,1917,1939,1911,1930,1961870,1940,1933
2018-04-27,1933,1936,1913,1923,1444252,1938,1930
2018-04-30,1930,1955,1929,1944,1152388,1927,1950
2018-05-02,1950,1978,1946,1970,1775012,1940,1968
2018-05-03,1968,1975,1946,1968,1038193,1949,1970
2018-05-04,1970,1990,1966,1989,1720359,1955,1982
2018-05-07,1982,1987,1975,1977,1316032,1973,1979
2018-05-08,1979,1980,1955,1967,1775141,1977,1956
2018-05-09,1956,1981,1956,1978,1081833,1972,1989
2018-05-10,1989,1999,1982,1993,1792918,1977,1993
2018-05-11,1993,2017,1986,2012,1514267,1980,2017
2018-05-14,2017,2027,2012,2022,1185729,2000,2027
2018-05-15,2027,2065,2027,2038,2456671,2012,2031
2018-05-16,2031,2049,2017,2023,1710401,2025,2024
2018-05-17,2024,2044,2013,2028,1653869,2025,2025
2018-05-18,2025,2025,2004,2012,1304365,2025,2016
2018-05-21,2016,2021,1986,1993,1212027,2022,1999
2018-05-22,1999,2014,1986,1990,990093,2013,1988
2018-05-23,1988,1994,1963,1968,1431573,2001,1967
2018-05-24,1967,1990,1956,1986,1130186,1993,1990
2018-05-25,1990,2016,1990,2009,1189897,1992,2008
2018-05-28,2008,2052,2006,2042,1275985,1988,2038
2018-05-29,2038,2053,2029,2033,837811,2012,2020
2018-05-30,2020,2053,2016,2048,1216749,2022,2100
2018-05-31,2100,2160,2080,2139,9909798,2042,2116
2018-06-01,2116,2138,2101,2111,5287839,2056,2150
2018-06-04,2150,2157,2038,2046,22199081,2122,2050
2018-06-05,2050,2067,2023,2064,4276365,2105,2060
2018-06-06,2060,2065,2045,2057,2445500,2087,2073
2018-06-07,2073,2080,2053,2062,2640974,2083,2059
2018-06-08,2059,2061,2035,2049,1545222,2078,2052
2018-06-11,2052,2063,2039,2042,1772797,2061,2052
2018-06-12,2052,2053,2038,2044,1308564,2054,2052
2018-06-13,2052,2055,2024,2031,1974490,2052,2030
2018-06-14,2030,2045,2025,2037,4231894,2047,2026
2018-06-15,2026,2039,2022,2030,2720204,2042,2030
2018-06-18,2030,2039,2009,2019,1871851,2029,2025
2018-06-19,2025,2041,2019,2024,2745288,2027,2026
2018-06-20,2026,2058,2025,2056,2262928,2027,2060
2018-06-21,2060,2071,2047,2058,3377676,2035,2057
2018-06-22,2057,2089,2050,2083,1962245,2040,2083
2018-06-25,2083,2098,2073,2095,1748084,2067,2086
2018-06-26,2086,2103,2080,2094,2290483,2075,2093
2018-06-27,2093,2120,2090,2113,4781701,2087,2115
2018-06-28,2115,2140,2111,2131,9383385,2094,2122
2018-06-29,2122,2140,2105,2108,4864530,2100,2108
2018-07-02,2108,2108,2063,2073,2466219,2115,2073
2018-07-03,2073,2085,2066,2070,1715775,2101,2076
2018-07-04,2076,2108,2069,2104,1524498,2086,2105
2018-07-05,2105,2129,2093,2124,2433992,2091,2113
2018-07-06,2113,2136,2111,2115,2030336,2095,2122
2018-07-09,2122,2130,2108,2126,1545574,2113,2130
2018-07-10,2130,2150,2125,2146,2737684,2122,2145
2018-07-11,2145,2156,2135,2148,1464480,2132,2153
2018-07-12,2153,2180,2152,2166,2005167,2138,2168
2018-07-13,2168,2191,2163,2181,1790297,2144,2179
2018-07-16,2179,2190,2164,2169,2254334,2167,2163
2018-07-17,2163,2181,2163,2177,1590481,2170,2187
2018-07-18,2187,2220,2174,2176,4365068,2176,2183
2018-07-19,2183,2194,2171,2186,1326194,2178,2186
2018-07-20,2186,2203,2171,2189,2501741,2180,2150
2018-07-23,2150,2178,2138,2156,4220033,2173,2147
2018-07-24,2147,2169,2147,2160,1302198,2161,2165
2018-07-25,2165,2177,2160,2170,1759654,2154,2165
2018-07-26,2165,2203,2165,2193,5320273,2157,2202
2018-07-27,2202,2212,2185,2202,2638649,2166,2199
2018-07-30,2199,2199,2159,2170,1792280,2189,2160
2018-07-31,2160,2186,2150,2180,2215236,2187,2163
2018-08-01,2163,2175,2152,2159,1517890,2174,2154
2018-08-02,2154,2154,2121,2130,2226426,2169,2134
2018-08-03,2134,2147,2114,2122,3401002,2162,2121
2018-08-06,2121,2137,2106,2114,1436158,2136,2125
2018-08-07,2125,2135,2108,2131,1857114,2127,2136
2018-08-08,2136,2152,2133,2136,2486345,2127,2142
2018-08-09,2142,2142,2095,2119,2236102,2131,2124
2018-08-10,2124,2124,2098,2114,1360735,2130,2084
2018-08-13,2084,2104,2080,2092,2513563,2117,2098
2018-08-14,2098,2105,2087,2089,1233991,2102,2083
2018-08-16,2083,2087,2066,2076,2656290,2088,2083
2018-08-17,2083,2093,2072,2077,1516332,2087,2075
2018-08-20,2075,2108,2075,2096,1952784,2080,2098
2018-08-21,2098,2112,2093,2096,1944080,2085,2105
2018-08-23,2105,2107,2077,2080,3143638,2093,2071
2018-08-24,2071,2094,2066,2070,2428657,2087,2077
2018-08-27,2077,2089,2070,2080,3143697,2084,2088
2018-08-28,2088,2098,2079,2095,2493383,2079,2092
2018-08-29,2092,2094,2073,2079,2468423,2086,2084
2018-08-30,2084,2088,2062,2066,5456865,2085,2069
2018-08-31,2069,2079,2058,2061,3942875,2082,2069
2018-09-03,2069,2079,2064,2075,1915402,2074,2077
2018-09-04,2077,2078,2049,2052,1782634,2072,2054
2018-09-05,2054,2060,2036,2046,1410377,2067,2049
2018-09-06,2049,2059,2033,2052,2600603,2062,2051
2018-09-07,2051,2060,2041,2057,1479825,2060,2055
2018-09-10,2055,2055,2025,2041,2149648,2052,2046
2018-09-11,2046,2048,1994,2000,4546634,2051,2002
2018-09-12,2002,2021,1990,2012,3061502,2034,2020
2018-09-14,2020,2037,2019,2030,2583668,2031,2021
2018-09-17,2021,2023,1988,1992,2334555,2021,1995
2018-09-18,1995,2010,1981,1989,2331434,2012,1995
2018-09-19,1995,1998,1957,1961,4178066,2004,1974
2018-09-21,1974,2000,1910,1970,5652537,1996,1967
2018-09-24,1967,1972,1915,1926,3347698,1971,1926
2018-09-25,1926,1962,1915,1952,4170638,1956,1963
2018-09-26,1963,1978,1955,1968,3681681,1952,1969
2018-09-27,1969,1986,1955,1976,4588052,1956,1981
2018-09-28,1981,2015,1977,2006,3615179,1961,2010
2018-10-01,2010,2042,1998,2035,3112397,1987,2030
2018-10-03,2030,2052,2007,2031,3833037,2020,2008
2018-10-04,2008,2018,1943,1958,4492646,2016,1954
2018-10-05,1954,1990,1940,1965,3932295,2001,1965
2018-10-08,1965,1969,1930,1945,5032005,1976,1944
2018-10-09,1944,1965,1930,1941,3114841,1954,1945
2018-10-10,1945,1982,1936,1967,3984983,1951,1925
2018-10-11,1925,1948,1918,1938,3589976,1945,1945
2018-10-12,1945,1997,1942,1982,2400080,1945,1990
2018-10-15,1990,2011,1970,2008,3146492,1953,2003
2018-10-16,2003,2018,1988,1993,2351501,1979,2006
2018-10-17,2006,2013,1964,1975,1985199,2000,1959
2018-10-19,1959,1981,1958,1968,2466837,1990,2014
2018-10-22,2014,2020,1989,1999,5082790,1987,1973
2018-10-23,1973,1999,1973,1985,4857141,1982,2004
2018-10-24,2004,2009,1973,1992,4518084,1997,1974
2018-10-25,1974,2004,1962,1969,7461764,1991,1969
2018-10-26,1969,1977,1949,1961,3788928,1987,1964
2018-10-29,1964,1965,1895,1926,4261070,1969,1925
2018-10-30,1925,1932,1899,1913,3457176,1953,1902
2018-10-31,1902,1918,1885,1912,5862351,1930,1930
2018-11-01,1930,1930,1896,1912,4907263,1930,1926
2018-11-02,1926,1960,1912,1949,7523217,1929,1950
2018-11-05,1950,1960,1938,1956,1426324,1935,1955
2018-11-06,1955,1976,1943,1947,2121397,1944,1961
2018-11-07,1961,1965,1950,1958,239690,1955,1958
2018-11-09,1958,1960,1936,1945,2525405,1956,1952
2018-11-12,1952,1962,1917,1921,1976941,1955,1919
2018-11-13,1919,1938,1908,1928,3337605,1943,1939
2018-11-14,1939,1960,1937,1958,6527659,1937,1962
2018-11-15,1962,1977,1931,1975,2598131,1943,1981
2018-11-16,1981,2013,1980,2004,3953304,1951,2011
2018-11-19,2011,2021,2002,2014,3071607,1985,2013
2018-11-20,2013,2020,1999,2012,1426292,2002,2013
2018-11-21,2013,2024,2004,2019,1636401,2012,2013
2018-11-22,2013,2035,2000,2006,3243638,2013,2014
2018-11-26,2014,2052,2012,2050,4546109,2014,2041
2018-11-27,2041,2068,2041,2064,3223860,2028,2065
2018-11-28,2065,2099,2060,2089,3255277,2040,2101
2018-11-29,2101,2137,2094,2131,7977159,2055,2130
2018-11-30,2130,2138,2110,2128,3260231,2070,2131
2018-12-03,2131,2142,2107,2113,2699964,2121,2105
2018-12-04,2105,2111,2079,2086,2039355,2122,2078
2018-12-05,2078,2105,2076,2099,2949711,2105,2090
2018-12-06,2090,2102,2085,2097,2932563,2101,2107
2018-12-07,2107,2118,2080,2108,2475980,2102,2066
2018-12-10,2066,2105,2066,2089,2728764,2088,2056
2018-12-11,2056,2071,2032,2060,4726445,2076,2067
2018-12-12,2067,2090,2060,2085,2842622,2063,2095
2018-12-13,2095,2125,2091,2101,1766059,2071,2105
2018-12-14,2105,2118,2088,2096,1539571,2078,2104
2018-12-17,2104,2133,2099,2130,2109331,2101,2124
2018-12-18,2124,2139,2103,2135,1853492,2111,2133
2018-12-19,2133,2159,2114,2123,2252474,2120,2113
2018-12-20,2113,2140,2103,2137,1995119,2119,2134
2018-12-21,2134,2149,2109,2111,2555077,2122,2104
2018-12-24,2104,2104,2077,2081,1400372,2117,2077
2018-12-26,2077,2127,2069,2122,1900479,2091,2133
2018-12-27,2133,2138,2098,2105,2909967,2105,2117
2018-12-28,2117,2138,2116,2123,2353903,2108,2137
2018-12-31,2137,2137,2117,2122,1466632,2129,2128
2019-01-01,2128,2151,2106,2148,1593360,2127,2143
2019-01-02,2143,2148,2120,2129,2033558,2136,2124
2019-01-03,2124,2128,2103,2112,3192916,2133,2115
2019-01-04,2115,2129,2110,2117,1821780,2129,2128
2019-01-07,2128,2135,2118,2121,1346753,2122,2122
2019-01-08,2122,2124,2097,2103,2085865,2122,2118
2019-01-09,2118,2121,2103,2117,2142157,2123,2117
2019-01-10,2117,2124,2093,2109,1922885,2121,2114
2019-01-11,2114,2124,2108,2112,1602010,2120,2110
2019-01-14,2110,2110,2098,2102,1213790,2114,2105
2019-01-15,2105,2127,2102,2122,1271889,2110,2120
2019-01-16,2120,2125,2108,2120,1313113,2112,2125
2019-01-17,2125,2136,2113,2132,2060057,2115,2135
2019-01-18,2135,2139,2115,2130,1301994,2119,2140
2019-01-21,2140,2167,2127,2148,4390378,2133,2146
2019-01-22,2146,2147,2129,2136,2199244,2140,2134
2019-01-23,2134,2136,2101,2105,1906072,2140,2110
2019-01-24,2110,2122,2098,2102,2527893,2133,2093
2019-01-25,2093,2110,2090,2096,2815559,2125,2090
2019-01-28,2090,2102,2077,2084,3840109,2098,2078
2019-01-29,2078,2083,2053,2058,3690697,2087,2057
2019-01-30,2057,2057,2028,2035,4628540,2075,2031
2019-01-31,2031,2090,2022,2080,4144851,2064,2080
2019-02-01,2080,2117,2077,2090,3913547,2067,2095
2019-02-04,2095,2113,2083,2105,1984572,2069,2108
2019-02-05,2108,2119,2097,2114,2172572,2094,2116
2019-02-06,2116,2127,2114,2123,2718921,2106,2125
2019-02-07,2125,2130,2106,2117,1804327,2111,2112
2019-02-08,2112,2145,2107,2123,3058911,2111,2113
2019-02-11,2113,2143,2113,2140,1759091,2117,2138
2019-02-12,2138,2148,2125,2130,2443097,2121,2140
2019-02-14,2140,2140,2106,2110,1860347,2130,2107
2019-02-15,2107,2108,2078,2101,2104131,2125,2107
2019-02-18,2107,2118,2086,2090,1784686,2118,2090
2019-02-19,2090,2108,2078,2084,1317159,2101,2089
2019-02-20,2089,2111,2082,2108,1223125,2095,2102
2019-02-21,2102,2120,2094,2116,1315386,2097,2119
2019-02-22,2119,2128,2089,2091,2222677,2101,2095
2019-02-25,2095,2130,2095,2125,2035149,2105,2111
2019-02-26,2111,2125,2101,2111,2401857,2108,2116
2019-02-27,2116,2124,2088,2092,1757523,2107,2093
2019-02-28,2093,2106,2073,2078,2911344,2104,2086
2019-03-01,2086,2101,2077,2083,2338232,2100,2089
2019-03-05,2089,2111,2070,2107,2959319,2088,2110
2019-03-06,2110,2110,2091,2104,2114511,2100,2110
2019-03-07,2110,2130,2095,2127,2551213,2103,2115
2019-03-08,2115,2130,2109,2128,1763365,2106,2132
2019-03-11,2132,2144,2122,2128,2306027,2119,2147
2019-03-12,2147,2175,2137,2171,3774323,2131,2175
2019-03-13,2175,2234,2172,2227,14291587,2151,2245
2019-03-14,2245,2248,2211,2225,3844966,2175,2231
2019-03-15,2231,2260,2228,2253,3190772,2186,2262
2019-03-18,2262,2292,2247,2261,3589680,2246,2270
2019-03-19,2270,2276,2251,2268,2989498,2254,2269
2019-03-20,2269,2300,2261,2299,2927998,2267,2300
2019-03-22,2300,2307,2271,2276,7600970,2275,2260
2019-03-25,2260,2288,2253,2281,2299815,2280,2276
2019-03-26,2276,2315,2273,2311,2946712,2279,2319
2019-03-27,2319,2328,2279,2299,3471325,2285,2299
2019-03-28,2299,2325,2288,2303,4888582,2289,2325
2019-04-01,2325,2332,2305,2312,2411769,2312,2320
2019-04-02,2320,2320,2285,2295,2727624,2323,2292
2019-04-03,2292,2316,2288,2293,1914863,2312,2293
2019-04-04,2293,2313,2280,2284,2302888,2308,2288
2019-04-05,2288,2314,2282,2306,2087795,2304,2319
2019-04-08,2319,2323,2280,2289,1599533,2300,2297
2019-04-09,2297,2303,2267,2287,2694400,2301,2250
2019-04-10,2250,2284,2231,2237,27032175,2289,2245
2019-04-11,2245,2263,2237,2258,2198325,2278,2252
2019-04-12,2252,2272,2252,2265,2292611,2273,2270
2019-04-15,2270,2293,2264,2289,2554945,2256,2291
2019-04-16,2291,2310,2280,2305,2068444,2271,2313
2019-04-18,2313,2315,2288,2294,2653714,2291,2325
2019-04-22,2325,2325,2261,2269,5245105,2319,2278
2019-04-23,2278,2290,2242,2245,3820600,2302,2250
2019-04-24,2250,2284,2247,2280,3088532,2284,2287
2019-04-25,2287,2299,2258,2263,4521659,2285,2266
2019-04-26,2266,2285,2257,2281,2926892,2281,2285
2019-04-30,2285,2320,2278,2317,3134209,2276,2324
2019-05-02,2324,2360,2318,2356,4292325,2305,2364
2019-05-03,2364,2378,2357,2368,3087880,2324,2348
2019-05-06,2348,2352,2317,2328,3437023,2345,2352
2019-05-07,2352,2358,2318,2322,2481051,2355,2323
2019-05-08,2323,2324,2288,2307,3016052,2341,2300
2019-05-09,2300,2300,2272,2291,2256931,2331,2291
2019-05-10,2291,2325,2291,2297,2648550,2323,2296
2019-05-13,2296,2313,2280,2287,2767908,2296,2297
2019-05-14,2297,2311,2276,2288,2623686,2295,2296
2019-05-15,2296,2307,2282,2287,2239087,2296,2281
2019-05-16,2281,2319,2280,2311,2012534,2293,2313
2019-05-17,2313,2369,2312,2362,3689695,2297,2408
2019-05-20,2408,2439,2380,2432,4424908,2334,2438
2019-05-21,2438,2449,2399,2404,2581294,2386,2412
2019-05-22,2412,2426,2394,2406,2846665,2419,2409
2019-05-23,2409,2440,2319,2332,8270499,2417,2360
2019-05-24,2360,2386,2340,2373,3423200,2405,2379
2019-05-27,2379,2422,2372,2408,3012256,2383,2417
2019-05-28,2417,2420,2387,2416,1841210,2385,2410
2019-05-29,2410,2431,2410,2417,1868804,2402,2416
2019-05-30,2416,2448,2413,2440,2339800,2406,2457
2019-05-31,2457,2465,2357,2425,4946270,2416,2427
2019-06-03,2427,2460,2425,2457,2120215,2433,2455
2019-06-04,2455,2466,2441,2452,1610747,2446,2453
2019-06-06,2453,2470,2413,2423,3908731,2445,2426
2019-06-07,2426,2454,2409,2448,1992733,2440,2470
2019-06-10,2470,2470,2432,2440,1769285,2450,2452
2019-06-11,2452,2460,2440,2448,1775823,2449,2445
2019-06-12,2445,2448,2424,2427,1827155,2456,2436
2019-06-13,2436,2452,2416,2445,2776987,2451,2443
2019-06-14,2443,2459,2425,2435,2989230,2449,2435
2019-06-17,2435,2440,2417,2422,3202505,2438,2418
2019-06-18,2418,2432,2404,2417,3104913,2432,2427
2019-06-19,2427,2445,2417,2428,2686069,2427,2428
2019-06-20,2428,2437,2415,2426,2792873,2427,2426
2019-06-21,2426,2430,2406,2414,3312565,2427,2412
2019-06-24,2412,2431,2410,2418,1728750,2422,2420
2019-06-25,2420,2442,2403,2429,2224950,2419,2425
2019-06-26,2425,2470,2422,2468,2633409,2419,2469
2019-06-27,2469,2495,2456,2462,4969809,2432,2464
2019-06-28,2464,2475,2437,2444,3189211,2438,2456
2019-07-01,2456,2489,2450,2486,2131040,2463,2488
2019-07-02,2488,2498,2467,2495,1811707,2469,2499
2019-07-03,2499,2503,2483,2490,1865814,2481,2495
2019-07-04,2495,2498,2472,2484,1998491,2485,2485
2019-07-05,2485,2495,2460,2472,1895765,2485,2475
2019-07-08,2475,2475,2397,2410,3651785,2485,2404
2019-07-09,2404,2411,2373,2379,4120672,2455,2379
2019-07-10,2379,2398,2366,2389,2892287,2419,2403
2019-07-11,2403,2414,2396,2407,2274399,2415,2418
2019-07-12,2418,2418,2385,2394,2244068,2416,2396
2019-07-15,2396,2403,2377,2395,2058296,2406,2418
2019-07-16,2418,2418,2382,2391,3192642,2411,2393
2019-07-17,2393,2412,2391,2397,1939934,2402,2403
2019-07-18,2403,2429,2402,2412,2700646,2403,2415
2019-07-19,2415,2421,2367,2376,2234807,2405,2345
2019-07-22,2345,2350,2281,2297,5542824,2388,2295
2019-07-23,2295,2295,2242,2264,6950716,2352,2257
2019-07-24,2257,2293,2251,2281,4340935,2299,2285
2019-07-25,2285,2315,2280,2286,4865502,2296,2278
2019-07-26,2278,2294,2273,2277,3207457,2292,2274
2019-07-29,2274,2274,2223,2244,2494123,2279,2255
2019-07-30,2255,2271,2240,2252,2598534,2269,2240
2019-07-31,2240,2267,2234,2252,3472960,2256,2229
2019-08-01,2229,2240,2197,2222,4560419,2250,2211
2019-08-02,2211,2224,2182,2214,6956384,2242,2197
2019-08-05,2197,2200,2163,2179,4955610,2212,2167
2019-08-06,2167,2210,2167,2189,6222735,2192,2190
2019-08-07,2190,2202,2165,2184,4687534,2185,2198
2019-08-08,2198,2243,2183,2233,4927900,2188,2247
2019-08-09,2247,2289,2240,2282,7609028,2200,2273
2019-08-13,2273,2273,2203,2220,3860017,2260,2235
2019-08-14,2235,2235,2203,2229,3563513,2254,2214
2019-08-16,2214,2233,2204,2228,3811890,2241,2239
2019-08-19,2239,2242,2202,2207,2124550,2227,2209
2019-08-20,2209,2228,2207,2221,2567648,2221,2225
2019-08-21,2225,2241,2214,2226,2618178,2224,2161
2019-08-23,2161,2177,2140,2163,5024904,2209,2195
2019-08-26,2195,2266,2167,2256,6319861,2178,NULL
